id,source,archive_path,flow_no,flow,seq,kind,category,relevance,duplicate_of,annotated,sha256_prefix
AR-01-001,Auto.ru,auto.ru-screens/01-home-feed/01-home-feed_1.jpg,01,home-feed,1,image,home-discovery,release-core,,yes,2bcb02938689
AR-01-002,Auto.ru,auto.ru-screens/01-home-feed/01-home-feed_2.jpg,01,home-feed,2,image,home-discovery,release-core,,yes,13c74b51a303
AR-02-001,Auto.ru,auto.ru-screens/02-search-cars/02-search-cars_1.jpg,02,search-cars,1,image,brand-model-filters,release-core,AR-01-001,yes,2bcb02938689
AR-02-002,Auto.ru,auto.ru-screens/02-search-cars/02-search-cars_2.jpg,02,search-cars,2,image,brand-model-filters,release-core,,yes,d03483f61f04
AR-02-003,Auto.ru,auto.ru-screens/02-search-cars/02-search-cars_3.jpg,02,search-cars,3,image,brand-model-filters,release-core,,yes,6d746f6f20b7
AR-02-004,Auto.ru,auto.ru-screens/02-search-cars/02-search-cars_4.jpg,02,search-cars,4,image,brand-model-filters,release-core,,yes,452e00049b7b
AR-02-005,Auto.ru,auto.ru-screens/02-search-cars/02-search-cars_5.jpg,02,search-cars,5,image,brand-model-filters,release-core,,yes,4d0fddf26e18
AR-02-006,Auto.ru,auto.ru-screens/02-search-cars/02-search-cars_6.jpg,02,search-cars,6,image,brand-model-filters,release-core,,yes,ac1bb36c30fb
AR-03-001,Auto.ru,auto.ru-screens/03-search-moto/03-search-moto_1.jpg,03,search-moto,1,image,other-verticals,reference-only,AR-01-001,,2bcb02938689
AR-03-002,Auto.ru,auto.ru-screens/03-search-moto/03-search-moto_2.jpg,03,search-moto,2,image,other-verticals,reference-only,,,96081707e54f
AR-03-003,Auto.ru,auto.ru-screens/03-search-moto/03-search-moto_3.jpg,03,search-moto,3,image,other-verticals,reference-only,,,05d713a35c09
AR-03-004,Auto.ru,auto.ru-screens/03-search-moto/03-search-moto_4.jpg,03,search-moto,4,image,other-verticals,reference-only,,,ab2e8bb7f02f
AR-04-001,Auto.ru,auto.ru-screens/04-search-commercial/04-search-commercial_1.jpg,04,search-commercial,1,image,other-verticals,reference-only,AR-01-001,,2bcb02938689
AR-04-002,Auto.ru,auto.ru-screens/04-search-commercial/04-search-commercial_2.jpg,04,search-commercial,2,image,other-verticals,reference-only,,,d70e79315482
AR-04-003,Auto.ru,auto.ru-screens/04-search-commercial/04-search-commercial_3.jpg,04,search-commercial,3,image,other-verticals,reference-only,,,368894dc2e2b
AR-04-004,Auto.ru,auto.ru-screens/04-search-commercial/04-search-commercial_4.jpg,04,search-commercial,4,image,other-verticals,reference-only,,,86f45debd7e7
AR-04-005,Auto.ru,auto.ru-screens/04-search-commercial/04-search-commercial_5.jpg,04,search-commercial,5,image,other-verticals,reference-only,,,4e63e65c8d02
AR-05-001,Auto.ru,auto.ru-screens/05-filter-sort/05-filter-sort_1.jpg,05,filter-sort,1,image,results-detail,release-core,,yes,3c50077d0ce0
AR-05-002,Auto.ru,auto.ru-screens/05-filter-sort/05-filter-sort_2.jpg,05,filter-sort,2,image,results-detail,release-core,,yes,b3a782fa443c
AR-05-003,Auto.ru,auto.ru-screens/05-filter-sort/05-filter-sort_3.jpg,05,filter-sort,3,image,results-detail,release-core,,yes,c3b939987cb6
AR-05-004,Auto.ru,auto.ru-screens/05-filter-sort/05-filter-sort_4.jpg,05,filter-sort,4,image,results-detail,release-core,,yes,3e7c2084c827
AR-05-005,Auto.ru,auto.ru-screens/05-filter-sort/05-filter-sort_5.jpg,05,filter-sort,5,image,results-detail,release-core,,yes,fe592d425081
AR-05-006,Auto.ru,auto.ru-screens/05-filter-sort/05-filter-sort_6.jpg,05,filter-sort,6,image,results-detail,release-core,,yes,2cccae43d31f
AR-05-007,Auto.ru,auto.ru-screens/05-filter-sort/05-filter-sort_7.jpg,05,filter-sort,7,image,results-detail,release-core,,yes,393722df63e6
AR-06-002,Auto.ru,auto.ru-screens/06-search-params/06-search-params_2.jpg,06,search-params,2,image,brand-model-filters,release-core,AR-01-001,yes,2bcb02938689
AR-06-003,Auto.ru,auto.ru-screens/06-search-params/06-search-params_3.jpg,06,search-params,3,image,brand-model-filters,release-core,,yes,180ba31332f5
AR-06-004,Auto.ru,auto.ru-screens/06-search-params/06-search-params_4.jpg,06,search-params,4,image,brand-model-filters,release-core,,yes,a6d6e0ef63ea
AR-06-005,Auto.ru,auto.ru-screens/06-search-params/06-search-params_5.jpg,06,search-params,5,image,brand-model-filters,release-core,,yes,1277a8e020b2
AR-06-006,Auto.ru,auto.ru-screens/06-search-params/06-search-params_6.jpg,06,search-params,6,image,brand-model-filters,release-core,,yes,99f31a0386eb
AR-06-007,Auto.ru,auto.ru-screens/06-search-params/06-search-params_7.jpg,06,search-params,7,image,brand-model-filters,release-core,,yes,7bd48c784a9d
AR-06-008,Auto.ru,auto.ru-screens/06-search-params/06-search-params_8.jpg,06,search-params,8,image,brand-model-filters,release-core,,yes,1a478ba08b79
AR-06-009,Auto.ru,auto.ru-screens/06-search-params/06-search-params_9.jpg,06,search-params,9,image,brand-model-filters,release-core,,yes,fc62b3a9f837
AR-06-010,Auto.ru,auto.ru-screens/06-search-params/06-search-params_10.jpg,06,search-params,10,image,brand-model-filters,release-core,,yes,72f4e4cb1220
AR-06-011,Auto.ru,auto.ru-screens/06-search-params/06-search-params_11.jpg,06,search-params,11,image,brand-model-filters,release-core,,yes,a0b7e877fd70
AR-06-012,Auto.ru,auto.ru-screens/06-search-params/06-search-params_12.jpg,06,search-params,12,image,brand-model-filters,release-core,,yes,f3de86895159
AR-06-013,Auto.ru,auto.ru-screens/06-search-params/06-search-params_13.jpg,06,search-params,13,image,brand-model-filters,release-core,,yes,0d3ca04a190a
AR-06-014,Auto.ru,auto.ru-screens/06-search-params/06-search-params_14.jpg,06,search-params,14,image,brand-model-filters,release-core,,yes,ac6e1d084a9f
AR-06-015,Auto.ru,auto.ru-screens/06-search-params/06-search-params_15.jpg,06,search-params,15,image,brand-model-filters,release-core,,yes,0bf11677fa2f
AR-06-016,Auto.ru,auto.ru-screens/06-search-params/06-search-params_16.jpg,06,search-params,16,image,brand-model-filters,release-core,,yes,eaa77090f624
AR-06-017,Auto.ru,auto.ru-screens/06-search-params/06-search-params_17.jpg,06,search-params,17,image,brand-model-filters,release-core,,yes,012b33c72e4a
AR-06-018,Auto.ru,auto.ru-screens/06-search-params/06-search-params_18.jpg,06,search-params,18,image,brand-model-filters,release-core,,yes,aa1c64bb7193
AR-06-019,Auto.ru,auto.ru-screens/06-search-params/06-search-params_19.jpg,06,search-params,19,image,brand-model-filters,release-core,,yes,4977b8d77cb1
AR-06-020,Auto.ru,auto.ru-screens/06-search-params/06-search-params_20.jpg,06,search-params,20,image,brand-model-filters,release-core,,yes,1c3b925caf13
AR-06-021,Auto.ru,auto.ru-screens/06-search-params/06-search-params_21.jpg,06,search-params,21,image,brand-model-filters,release-core,,yes,188da7ec970f
AR-06-022,Auto.ru,auto.ru-screens/06-search-params/06-search-params_22.jpg,06,search-params,22,image,brand-model-filters,release-core,,yes,6d55b0077987
AR-06-023,Auto.ru,auto.ru-screens/06-search-params/06-search-params_23.jpg,06,search-params,23,image,brand-model-filters,release-core,,yes,247abe32f7c1
AR-06-024,Auto.ru,auto.ru-screens/06-search-params/06-search-params_24.jpg,06,search-params,24,image,brand-model-filters,release-core,,yes,3ff8c63379fb
AR-06-025,Auto.ru,auto.ru-screens/06-search-params/06-search-params_25.jpg,06,search-params,25,image,brand-model-filters,release-core,,yes,2feddc2c1193
AR-06-026,Auto.ru,auto.ru-screens/06-search-params/06-search-params_26.jpg,06,search-params,26,image,brand-model-filters,release-core,,yes,fa8218da09ff
AR-06-027,Auto.ru,auto.ru-screens/06-search-params/06-search-params_27.jpg,06,search-params,27,image,brand-model-filters,release-core,,yes,4ea7b62efc9b
AR-06-028,Auto.ru,auto.ru-screens/06-search-params/06-search-params_28.jpg,06,search-params,28,image,brand-model-filters,release-core,,yes,a0590d0987c2
AR-06-029,Auto.ru,auto.ru-screens/06-search-params/06-search-params_29.jpg,06,search-params,29,image,brand-model-filters,release-core,,yes,7ea5723d7950
AR-06-030,Auto.ru,auto.ru-screens/06-search-params/06-search-params_30.jpg,06,search-params,30,image,brand-model-filters,release-core,,yes,6a6318718bbd
AR-06-031,Auto.ru,auto.ru-screens/06-search-params/06-search-params_31.jpg,06,search-params,31,image,brand-model-filters,release-core,,yes,053b25ce9ad5
AR-06-032,Auto.ru,auto.ru-screens/06-search-params/06-search-params_32.jpg,06,search-params,32,image,brand-model-filters,release-core,,yes,8eba2e2aa352
AR-06-033,Auto.ru,auto.ru-screens/06-search-params/06-search-params_33.jpg,06,search-params,33,image,brand-model-filters,release-core,,yes,82856b5ee76f
AR-06-034,Auto.ru,auto.ru-screens/06-search-params/06-search-params_34.jpg,06,search-params,34,image,brand-model-filters,release-core,,yes,9d7f46a3655a
AR-06-035,Auto.ru,auto.ru-screens/06-search-params/06-search-params_35.jpg,06,search-params,35,image,brand-model-filters,release-core,,yes,421ddd513585
AR-06-036,Auto.ru,auto.ru-screens/06-search-params/06-search-params_36.jpg,06,search-params,36,image,brand-model-filters,release-core,,yes,372ff5e155b9
AR-06-037,Auto.ru,auto.ru-screens/06-search-params/06-search-params_37.jpg,06,search-params,37,image,brand-model-filters,release-core,,yes,9784d3807dab
AR-06-038,Auto.ru,auto.ru-screens/06-search-params/06-search-params_38.jpg,06,search-params,38,image,brand-model-filters,release-core,,yes,1002e06ab2c6
AR-06-039,Auto.ru,auto.ru-screens/06-search-params/06-search-params_39.jpg,06,search-params,39,image,brand-model-filters,release-core,,yes,4e2cfad88f2b
AR-06-040,Auto.ru,auto.ru-screens/06-search-params/06-search-params_40.jpg,06,search-params,40,image,brand-model-filters,release-core,,yes,0578113794a6
AR-06-041,Auto.ru,auto.ru-screens/06-search-params/06-search-params_41.jpg,06,search-params,41,image,brand-model-filters,release-core,,yes,d0a5a1fec376
AR-06-042,Auto.ru,auto.ru-screens/06-search-params/06-search-params_42.jpg,06,search-params,42,image,brand-model-filters,release-core,,yes,507e259d3635
AR-06-043,Auto.ru,auto.ru-screens/06-search-params/06-search-params_43.jpg,06,search-params,43,image,brand-model-filters,release-core,,yes,85ba03055c60
AR-06-044,Auto.ru,auto.ru-screens/06-search-params/06-search-params_44.jpg,06,search-params,44,image,brand-model-filters,release-core,,yes,353284bf6ecf
AR-06-045,Auto.ru,auto.ru-screens/06-search-params/06-search-params_45.jpg,06,search-params,45,image,brand-model-filters,release-core,,yes,98ba3aca19cd
AR-06-046,Auto.ru,auto.ru-screens/06-search-params/06-search-params_46.jpg,06,search-params,46,image,brand-model-filters,release-core,,yes,7b306fdee70f
AR-06-047,Auto.ru,auto.ru-screens/06-search-params/06-search-params_47.jpg,06,search-params,47,image,brand-model-filters,release-core,,yes,3a1f940c6447
AR-06-048,Auto.ru,auto.ru-screens/06-search-params/06-search-params_48.jpg,06,search-params,48,image,brand-model-filters,release-core,,yes,60ae48f44103
AR-06-049,Auto.ru,auto.ru-screens/06-search-params/06-search-params_49.jpg,06,search-params,49,image,brand-model-filters,release-core,,yes,2576a8db86d1
AR-06-050,Auto.ru,auto.ru-screens/06-search-params/06-search-params_50.jpg,06,search-params,50,image,brand-model-filters,release-core,,yes,ea21bdad9d24
AR-06-051,Auto.ru,auto.ru-screens/06-search-params/06-search-params_51.jpg,06,search-params,51,image,brand-model-filters,release-core,,yes,5efdaf7ac530
AR-06-052,Auto.ru,auto.ru-screens/06-search-params/06-search-params_52.jpg,06,search-params,52,image,brand-model-filters,release-core,,yes,4f68c048df82
AR-06-053,Auto.ru,auto.ru-screens/06-search-params/06-search-params_53.jpg,06,search-params,53,image,brand-model-filters,release-core,,yes,a6e1aeb2434b
AR-06-054,Auto.ru,auto.ru-screens/06-search-params/06-search-params_54.jpg,06,search-params,54,image,brand-model-filters,release-core,,yes,0ab807dc5c73
AR-06-055,Auto.ru,auto.ru-screens/06-search-params/06-search-params_55.jpg,06,search-params,55,image,brand-model-filters,release-core,,yes,c507c9ce6f27
AR-06-056,Auto.ru,auto.ru-screens/06-search-params/06-search-params_56.jpg,06,search-params,56,image,brand-model-filters,release-core,,yes,d355ffe2b23e
AR-06-057,Auto.ru,auto.ru-screens/06-search-params/06-search-params_57.jpg,06,search-params,57,image,brand-model-filters,release-core,,yes,b91d1a4d0cd7
AR-06-058,Auto.ru,auto.ru-screens/06-search-params/06-search-params_58.jpg,06,search-params,58,image,brand-model-filters,release-core,,yes,14b8d3bfb623
AR-06-059,Auto.ru,auto.ru-screens/06-search-params/06-search-params_59.jpg,06,search-params,59,image,brand-model-filters,release-core,,yes,80528be5aaf0
AR-06-060,Auto.ru,auto.ru-screens/06-search-params/06-search-params_60.jpg,06,search-params,60,image,brand-model-filters,release-core,,yes,9fc824966e16
AR-06-061,Auto.ru,auto.ru-screens/06-search-params/06-search-params_61.jpg,06,search-params,61,image,brand-model-filters,release-core,,yes,a503edd1de64
AR-06-062,Auto.ru,auto.ru-screens/06-search-params/06-search-params_62.jpg,06,search-params,62,image,brand-model-filters,release-core,,yes,e883815c741e
AR-06-063,Auto.ru,auto.ru-screens/06-search-params/06-search-params_63.jpg,06,search-params,63,image,brand-model-filters,release-core,,yes,ca8d48fad89b
AR-06-064,Auto.ru,auto.ru-screens/06-search-params/06-search-params_64.jpg,06,search-params,64,image,brand-model-filters,release-core,,yes,455aae0642f2
AR-06-065,Auto.ru,auto.ru-screens/06-search-params/06-search-params_65.jpg,06,search-params,65,image,brand-model-filters,release-core,,yes,71217d02fb65
AR-06-066,Auto.ru,auto.ru-screens/06-search-params/06-search-params_66.jpg,06,search-params,66,image,brand-model-filters,release-core,,yes,f1b44cb4db55
AR-06-067,Auto.ru,auto.ru-screens/06-search-params/06-search-params_67.jpg,06,search-params,67,image,brand-model-filters,release-core,,yes,014bafb8f4fc
AR-06-068,Auto.ru,auto.ru-screens/06-search-params/06-search-params_68.jpg,06,search-params,68,image,brand-model-filters,release-core,,yes,810904ed69fa
AR-06-069,Auto.ru,auto.ru-screens/06-search-params/06-search-params_69.jpg,06,search-params,69,image,brand-model-filters,release-core,,yes,10b6f2a77eab
AR-06-070,Auto.ru,auto.ru-screens/06-search-params/06-search-params_70.jpg,06,search-params,70,image,brand-model-filters,release-core,,yes,ddae13a3bd38
AR-06-071,Auto.ru,auto.ru-screens/06-search-params/06-search-params_71.jpg,06,search-params,71,image,brand-model-filters,release-core,,yes,017737393096
AR-06-072,Auto.ru,auto.ru-screens/06-search-params/06-search-params_72.jpg,06,search-params,72,image,brand-model-filters,release-core,,yes,8a89bbc1367b
AR-06-073,Auto.ru,auto.ru-screens/06-search-params/06-search-params_73.jpg,06,search-params,73,image,brand-model-filters,release-core,AR-05-001,yes,3c50077d0ce0
AR-06-V01,Auto.ru,auto.ru-screens/06-search-params/06-search-params_1.mp4,06,search-params,1,video,brand-model-filters,release-core,,,b88158c2f0f4
AR-07-001,Auto.ru,auto.ru-screens/07-search-subscription/07-search-subscription_1.jpg,07,search-subscription,1,image,saved-searches,reference-only,AR-05-006,,2cccae43d31f
AR-07-002,Auto.ru,auto.ru-screens/07-search-subscription/07-search-subscription_2.jpg,07,search-subscription,2,image,saved-searches,reference-only,,,8ea29fb830fe
AR-07-003,Auto.ru,auto.ru-screens/07-search-subscription/07-search-subscription_3.jpg,07,search-subscription,3,image,saved-searches,reference-only,,,bb07d32f411d
AR-07-004,Auto.ru,auto.ru-screens/07-search-subscription/07-search-subscription_4.jpg,07,search-subscription,4,image,saved-searches,reference-only,,,8fddc411f34c
AR-08-001,Auto.ru,auto.ru-screens/08-select-brand/08-select-brand_1.jpg,08,select-brand,1,image,brand-model-filters,release-core,AR-06-011,yes,a0b7e877fd70
AR-08-002,Auto.ru,auto.ru-screens/08-select-brand/08-select-brand_2.jpg,08,select-brand,2,image,brand-model-filters,release-core,AR-06-012,yes,f3de86895159
AR-08-003,Auto.ru,auto.ru-screens/08-select-brand/08-select-brand_3.jpg,08,select-brand,3,image,brand-model-filters,release-core,,yes,bb6038d440ed
AR-08-004,Auto.ru,auto.ru-screens/08-select-brand/08-select-brand_4.jpg,08,select-brand,4,image,brand-model-filters,release-core,,yes,790989848dc4
AR-08-005,Auto.ru,auto.ru-screens/08-select-brand/08-select-brand_5.jpg,08,select-brand,5,image,brand-model-filters,release-core,AR-06-013,yes,0d3ca04a190a
AR-08-006,Auto.ru,auto.ru-screens/08-select-brand/08-select-brand_6.jpg,08,select-brand,6,image,brand-model-filters,release-core,AR-06-014,yes,ac6e1d084a9f
AR-09-001,Auto.ru,auto.ru-screens/09-exclude-brand/09-exclude-brand_1.jpg,09,exclude-brand,1,image,brand-model-filters,release-core,AR-06-008,yes,1a478ba08b79
AR-09-002,Auto.ru,auto.ru-screens/09-exclude-brand/09-exclude-brand_2.jpg,09,exclude-brand,2,image,brand-model-filters,release-core,,yes,c4a93e8dbabf
AR-09-003,Auto.ru,auto.ru-screens/09-exclude-brand/09-exclude-brand_3.jpg,09,exclude-brand,3,image,brand-model-filters,release-core,AR-06-009,yes,fc62b3a9f837
AR-09-004,Auto.ru,auto.ru-screens/09-exclude-brand/09-exclude-brand_4.jpg,09,exclude-brand,4,image,brand-model-filters,release-core,,yes,771eb61ec7fd
AR-09-005,Auto.ru,auto.ru-screens/09-exclude-brand/09-exclude-brand_5.jpg,09,exclude-brand,5,image,brand-model-filters,release-core,AR-06-010,yes,72f4e4cb1220
AR-09-006,Auto.ru,auto.ru-screens/09-exclude-brand/09-exclude-brand_6.jpg,09,exclude-brand,6,image,brand-model-filters,release-core,AR-06-011,yes,a0b7e877fd70
AR-10-001,Auto.ru,auto.ru-screens/10-region-radius/10-region-radius_1.jpg,10,region-radius,1,image,brand-model-filters,release-core,AR-06-003,yes,180ba31332f5
AR-10-002,Auto.ru,auto.ru-screens/10-region-radius/10-region-radius_2.jpg,10,region-radius,2,image,brand-model-filters,release-core,,yes,c9d55c65498c
AR-10-003,Auto.ru,auto.ru-screens/10-region-radius/10-region-radius_3.jpg,10,region-radius,3,image,brand-model-filters,release-core,,yes,7121b0e7cece
AR-10-004,Auto.ru,auto.ru-screens/10-region-radius/10-region-radius_4.jpg,10,region-radius,4,image,brand-model-filters,release-core,,yes,1a2b720f231d
AR-10-005,Auto.ru,auto.ru-screens/10-region-radius/10-region-radius_5.jpg,10,region-radius,5,image,brand-model-filters,release-core,AR-06-004,yes,a6d6e0ef63ea
AR-10-006,Auto.ru,auto.ru-screens/10-region-radius/10-region-radius_6.jpg,10,region-radius,6,image,brand-model-filters,release-core,AR-06-005,yes,1277a8e020b2
AR-11-002,Auto.ru,auto.ru-screens/11-listing-detail/11-listing-detail_2.jpg,11,listing-detail,2,image,results-detail,release-core,AR-07-004,yes,8fddc411f34c
AR-11-003,Auto.ru,auto.ru-screens/11-listing-detail/11-listing-detail_3.jpg,11,listing-detail,3,image,results-detail,release-core,,yes,0740696d59f3
AR-11-004,Auto.ru,auto.ru-screens/11-listing-detail/11-listing-detail_4.jpg,11,listing-detail,4,image,results-detail,release-core,,yes,69719caffcc4
AR-11-005,Auto.ru,auto.ru-screens/11-listing-detail/11-listing-detail_5.jpg,11,listing-detail,5,image,results-detail,release-core,,yes,3ce21a294bd4
AR-11-006,Auto.ru,auto.ru-screens/11-listing-detail/11-listing-detail_6.jpg,11,listing-detail,6,image,results-detail,release-core,,yes,88b6bea0130e
AR-11-007,Auto.ru,auto.ru-screens/11-listing-detail/11-listing-detail_7.jpg,11,listing-detail,7,image,results-detail,release-core,,yes,ccd66b473cae
AR-11-008,Auto.ru,auto.ru-screens/11-listing-detail/11-listing-detail_8.jpg,11,listing-detail,8,image,results-detail,release-core,,yes,30a5aa06dcf4
AR-11-009,Auto.ru,auto.ru-screens/11-listing-detail/11-listing-detail_9.jpg,11,listing-detail,9,image,results-detail,release-core,,yes,3f59da4e80ec
AR-11-010,Auto.ru,auto.ru-screens/11-listing-detail/11-listing-detail_10.jpg,11,listing-detail,10,image,results-detail,release-core,,yes,35ad0cebc518
AR-11-011,Auto.ru,auto.ru-screens/11-listing-detail/11-listing-detail_11.jpg,11,listing-detail,11,image,results-detail,release-core,,yes,1b24fd853aa6
AR-11-V01,Auto.ru,auto.ru-screens/11-listing-detail/11-listing-detail_1.mp4,11,listing-detail,1,video,results-detail,release-core,,,c7cbc17e1a65
AR-12-001,Auto.ru,auto.ru-screens/12-car-catalog/12-car-catalog_1.jpg,12,car-catalog,1,image,catalog-editorial,reference-only,,,b650c78e9e31
AR-12-002,Auto.ru,auto.ru-screens/12-car-catalog/12-car-catalog_2.jpg,12,car-catalog,2,image,catalog-editorial,reference-only,,,e79fcb499e39
AR-12-003,Auto.ru,auto.ru-screens/12-car-catalog/12-car-catalog_3.jpg,12,car-catalog,3,image,catalog-editorial,reference-only,,,34debe0f6086
AR-12-004,Auto.ru,auto.ru-screens/12-car-catalog/12-car-catalog_4.jpg,12,car-catalog,4,image,catalog-editorial,reference-only,,,e26f66d328f7
AR-12-005,Auto.ru,auto.ru-screens/12-car-catalog/12-car-catalog_5.jpg,12,car-catalog,5,image,catalog-editorial,reference-only,,,4f5637a6152a
AR-12-006,Auto.ru,auto.ru-screens/12-car-catalog/12-car-catalog_6.jpg,12,car-catalog,6,image,catalog-editorial,reference-only,,,2fbc5c54848a
AR-12-007,Auto.ru,auto.ru-screens/12-car-catalog/12-car-catalog_7.jpg,12,car-catalog,7,image,catalog-editorial,reference-only,,,20dd4f5ac014
AR-12-008,Auto.ru,auto.ru-screens/12-car-catalog/12-car-catalog_8.jpg,12,car-catalog,8,image,catalog-editorial,reference-only,,,0d5da0b25cc5
AR-12-009,Auto.ru,auto.ru-screens/12-car-catalog/12-car-catalog_9.jpg,12,car-catalog,9,image,catalog-editorial,reference-only,,,a71b909dbd03
AR-12-010,Auto.ru,auto.ru-screens/12-car-catalog/12-car-catalog_10.jpg,12,car-catalog,10,image,catalog-editorial,reference-only,,,525261d22199
AR-12-011,Auto.ru,auto.ru-screens/12-car-catalog/12-car-catalog_11.jpg,12,car-catalog,11,image,catalog-editorial,reference-only,,,3b31df53f60e
AR-12-012,Auto.ru,auto.ru-screens/12-car-catalog/12-car-catalog_12.jpg,12,car-catalog,12,image,catalog-editorial,reference-only,,,77f1e1f5af2f
AR-12-013,Auto.ru,auto.ru-screens/12-car-catalog/12-car-catalog_13.jpg,12,car-catalog,13,image,catalog-editorial,reference-only,,,f7544ffb2cb7
AR-12-014,Auto.ru,auto.ru-screens/12-car-catalog/12-car-catalog_14.jpg,12,car-catalog,14,image,catalog-editorial,reference-only,,,01adffcaec5e
AR-12-015,Auto.ru,auto.ru-screens/12-car-catalog/12-car-catalog_15.jpg,12,car-catalog,15,image,catalog-editorial,reference-only,,,7b5b2d33001d
AR-12-016,Auto.ru,auto.ru-screens/12-car-catalog/12-car-catalog_16.jpg,12,car-catalog,16,image,catalog-editorial,reference-only,,,747fd1e1e4f2
AR-12-017,Auto.ru,auto.ru-screens/12-car-catalog/12-car-catalog_17.jpg,12,car-catalog,17,image,catalog-editorial,reference-only,,,f4bd8c1c6255
AR-12-018,Auto.ru,auto.ru-screens/12-car-catalog/12-car-catalog_18.jpg,12,car-catalog,18,image,catalog-editorial,reference-only,,,351207d35481
AR-12-019,Auto.ru,auto.ru-screens/12-car-catalog/12-car-catalog_19.jpg,12,car-catalog,19,image,catalog-editorial,reference-only,,,ce90eb1a56d6
AR-13-001,Auto.ru,auto.ru-screens/13-car-specs/13-car-specs_1.jpg,13,car-specs,1,image,catalog-editorial,reference-only,AR-11-003,,0740696d59f3
AR-13-002,Auto.ru,auto.ru-screens/13-car-specs/13-car-specs_2.jpg,13,car-specs,2,image,catalog-editorial,reference-only,AR-11-005,,3ce21a294bd4
AR-13-003,Auto.ru,auto.ru-screens/13-car-specs/13-car-specs_3.jpg,13,car-specs,3,image,catalog-editorial,reference-only,,,0a722ac15f76
AR-13-004,Auto.ru,auto.ru-screens/13-car-specs/13-car-specs_4.jpg,13,car-specs,4,image,catalog-editorial,reference-only,,,5e8ca644b4af
AR-13-005,Auto.ru,auto.ru-screens/13-car-specs/13-car-specs_5.jpg,13,car-specs,5,image,catalog-editorial,reference-only,,,ed5b04cfe4f5
AR-13-006,Auto.ru,auto.ru-screens/13-car-specs/13-car-specs_6.jpg,13,car-specs,6,image,catalog-editorial,reference-only,,,a4f177cdbe45
AR-13-007,Auto.ru,auto.ru-screens/13-car-specs/13-car-specs_7.jpg,13,car-specs,7,image,catalog-editorial,reference-only,,,4985efa28e4e
AR-13-008,Auto.ru,auto.ru-screens/13-car-specs/13-car-specs_8.jpg,13,car-specs,8,image,catalog-editorial,reference-only,,,ae99bb03e948
AR-13-009,Auto.ru,auto.ru-screens/13-car-specs/13-car-specs_9.jpg,13,car-specs,9,image,catalog-editorial,reference-only,,,e560056354c6
AR-14-001,Auto.ru,auto.ru-screens/14-reports/14-reports_1.jpg,14,reports,1,image,vehicle-history,reference-only,,,a540e11399fb
AR-14-002,Auto.ru,auto.ru-screens/14-reports/14-reports_2.jpg,14,reports,2,image,vehicle-history,reference-only,,,584fbd37eb7b
AR-14-003,Auto.ru,auto.ru-screens/14-reports/14-reports_3.jpg,14,reports,3,image,vehicle-history,reference-only,,,f24034338848
AR-14-004,Auto.ru,auto.ru-screens/14-reports/14-reports_4.jpg,14,reports,4,image,vehicle-history,reference-only,,,5025759b022e
AR-14-005,Auto.ru,auto.ru-screens/14-reports/14-reports_5.jpg,14,reports,5,image,vehicle-history,reference-only,,,f82ccab0c039
AR-14-006,Auto.ru,auto.ru-screens/14-reports/14-reports_6.jpg,14,reports,6,image,vehicle-history,reference-only,,,6e3aec0c44b8
AR-14-007,Auto.ru,auto.ru-screens/14-reports/14-reports_7.jpg,14,reports,7,image,vehicle-history,reference-only,,,edb30afed6b0
AR-14-008,Auto.ru,auto.ru-screens/14-reports/14-reports_8.jpg,14,reports,8,image,vehicle-history,reference-only,,,dfba9ca1b28f
AR-14-009,Auto.ru,auto.ru-screens/14-reports/14-reports_9.jpg,14,reports,9,image,vehicle-history,reference-only,,,fe2296521082
AR-14-010,Auto.ru,auto.ru-screens/14-reports/14-reports_10.jpg,14,reports,10,image,vehicle-history,reference-only,,,12f0bcbb3c98
AR-14-011,Auto.ru,auto.ru-screens/14-reports/14-reports_11.jpg,14,reports,11,image,vehicle-history,reference-only,,,687772f9a632
AR-14-012,Auto.ru,auto.ru-screens/14-reports/14-reports_12.jpg,14,reports,12,image,vehicle-history,reference-only,,,a20dd26350bf
AR-14-013,Auto.ru,auto.ru-screens/14-reports/14-reports_13.jpg,14,reports,13,image,vehicle-history,reference-only,,,e798221186a1
AR-14-014,Auto.ru,auto.ru-screens/14-reports/14-reports_14.jpg,14,reports,14,image,vehicle-history,reference-only,,,aee92f3a8a04
AR-14-015,Auto.ru,auto.ru-screens/14-reports/14-reports_15.jpg,14,reports,15,image,vehicle-history,reference-only,,,957e952803bc
AR-14-016,Auto.ru,auto.ru-screens/14-reports/14-reports_16.jpg,14,reports,16,image,vehicle-history,reference-only,,,9dd33c28bf24
AR-15-001,Auto.ru,auto.ru-screens/15-report-example/15-report-example_1.jpg,15,report-example,1,image,vehicle-history,reference-only,AR-14-012,,a20dd26350bf
AR-15-002,Auto.ru,auto.ru-screens/15-report-example/15-report-example_2.jpg,15,report-example,2,image,vehicle-history,reference-only,,,82592c589500
AR-15-003,Auto.ru,auto.ru-screens/15-report-example/15-report-example_3.jpg,15,report-example,3,image,vehicle-history,reference-only,,,de6a38d4171e
AR-15-004,Auto.ru,auto.ru-screens/15-report-example/15-report-example_4.jpg,15,report-example,4,image,vehicle-history,reference-only,,,ae7eb18b383e
AR-15-005,Auto.ru,auto.ru-screens/15-report-example/15-report-example_5.jpg,15,report-example,5,image,vehicle-history,reference-only,,,e732ec8684ea
AR-15-006,Auto.ru,auto.ru-screens/15-report-example/15-report-example_6.jpg,15,report-example,6,image,vehicle-history,reference-only,,,b39194002eeb
AR-15-007,Auto.ru,auto.ru-screens/15-report-example/15-report-example_7.jpg,15,report-example,7,image,vehicle-history,reference-only,,,e1480729fea4
AR-15-008,Auto.ru,auto.ru-screens/15-report-example/15-report-example_8.jpg,15,report-example,8,image,vehicle-history,reference-only,,,62dd331a4477
AR-15-009,Auto.ru,auto.ru-screens/15-report-example/15-report-example_9.jpg,15,report-example,9,image,vehicle-history,reference-only,,,6ffea2622974
AR-15-010,Auto.ru,auto.ru-screens/15-report-example/15-report-example_10.jpg,15,report-example,10,image,vehicle-history,reference-only,,,09b9e74f61a7
AR-15-011,Auto.ru,auto.ru-screens/15-report-example/15-report-example_11.jpg,15,report-example,11,image,vehicle-history,reference-only,,,133bbbb6c955
AR-15-012,Auto.ru,auto.ru-screens/15-report-example/15-report-example_12.jpg,15,report-example,12,image,vehicle-history,reference-only,,,ed8fc728a053
AR-15-013,Auto.ru,auto.ru-screens/15-report-example/15-report-example_13.jpg,15,report-example,13,image,vehicle-history,reference-only,,,3e5217d46841
AR-15-014,Auto.ru,auto.ru-screens/15-report-example/15-report-example_14.jpg,15,report-example,14,image,vehicle-history,reference-only,,,2991efc01636
AR-15-015,Auto.ru,auto.ru-screens/15-report-example/15-report-example_15.jpg,15,report-example,15,image,vehicle-history,reference-only,,,136882c74068
AR-15-016,Auto.ru,auto.ru-screens/15-report-example/15-report-example_16.jpg,15,report-example,16,image,vehicle-history,reference-only,,,f83e6d1a95e6
AR-15-017,Auto.ru,auto.ru-screens/15-report-example/15-report-example_17.jpg,15,report-example,17,image,vehicle-history,reference-only,,,a299f8341779
AR-15-018,Auto.ru,auto.ru-screens/15-report-example/15-report-example_18.jpg,15,report-example,18,image,vehicle-history,reference-only,,,273ade4f2ee0
AR-15-019,Auto.ru,auto.ru-screens/15-report-example/15-report-example_19.jpg,15,report-example,19,image,vehicle-history,reference-only,,,6c5c5af0c860
AR-16-001,Auto.ru,auto.ru-screens/16-report-car-search/16-report-car-search_1.jpg,16,report-car-search,1,image,vehicle-history,reference-only,AR-14-002,,584fbd37eb7b
AR-16-002,Auto.ru,auto.ru-screens/16-report-car-search/16-report-car-search_2.jpg,16,report-car-search,2,image,vehicle-history,reference-only,,,ff43cbc861f8
AR-16-003,Auto.ru,auto.ru-screens/16-report-car-search/16-report-car-search_3.jpg,16,report-car-search,3,image,vehicle-history,reference-only,,,b4ed34736c88
AR-16-004,Auto.ru,auto.ru-screens/16-report-car-search/16-report-car-search_4.jpg,16,report-car-search,4,image,vehicle-history,reference-only,,,0caa81861a51
AR-16-005,Auto.ru,auto.ru-screens/16-report-car-search/16-report-car-search_5.jpg,16,report-car-search,5,image,vehicle-history,reference-only,,,31bbd72a67fb
AR-17-001,Auto.ru,auto.ru-screens/17-price-estimate/17-price-estimate_1.jpg,17,price-estimate,1,image,valuation,reference-only,AR-14-001,,a540e11399fb
AR-17-002,Auto.ru,auto.ru-screens/17-price-estimate/17-price-estimate_2.jpg,17,price-estimate,2,image,valuation,reference-only,,,fcc1a3af9a1a
AR-17-003,Auto.ru,auto.ru-screens/17-price-estimate/17-price-estimate_3.jpg,17,price-estimate,3,image,valuation,reference-only,,,d879970ca914
AR-17-004,Auto.ru,auto.ru-screens/17-price-estimate/17-price-estimate_4.jpg,17,price-estimate,4,image,valuation,reference-only,,,00b6581a7568
AR-17-005,Auto.ru,auto.ru-screens/17-price-estimate/17-price-estimate_5.jpg,17,price-estimate,5,image,valuation,reference-only,,,53c18d8bbaa9
AR-17-006,Auto.ru,auto.ru-screens/17-price-estimate/17-price-estimate_6.jpg,17,price-estimate,6,image,valuation,reference-only,,,67748d222e25
AR-17-007,Auto.ru,auto.ru-screens/17-price-estimate/17-price-estimate_7.jpg,17,price-estimate,7,image,valuation,reference-only,,,0126eede2595
AR-17-008,Auto.ru,auto.ru-screens/17-price-estimate/17-price-estimate_8.jpg,17,price-estimate,8,image,valuation,reference-only,,,7e70b7f71a61
AR-17-009,Auto.ru,auto.ru-screens/17-price-estimate/17-price-estimate_9.jpg,17,price-estimate,9,image,valuation,reference-only,,,9f18791d055c
AR-17-010,Auto.ru,auto.ru-screens/17-price-estimate/17-price-estimate_10.jpg,17,price-estimate,10,image,valuation,reference-only,,,5e570db4c59c
AR-17-011,Auto.ru,auto.ru-screens/17-price-estimate/17-price-estimate_11.jpg,17,price-estimate,11,image,valuation,reference-only,,,defd92e7207b
AR-17-012,Auto.ru,auto.ru-screens/17-price-estimate/17-price-estimate_12.jpg,17,price-estimate,12,image,valuation,reference-only,,,75dd2897f46b
AR-17-013,Auto.ru,auto.ru-screens/17-price-estimate/17-price-estimate_13.jpg,17,price-estimate,13,image,valuation,reference-only,,,66f9f657c415
AR-17-014,Auto.ru,auto.ru-screens/17-price-estimate/17-price-estimate_14.jpg,17,price-estimate,14,image,valuation,reference-only,,,0be328523bd7
AR-17-015,Auto.ru,auto.ru-screens/17-price-estimate/17-price-estimate_15.jpg,17,price-estimate,15,image,valuation,reference-only,,,53f3c08c402e
AR-17-016,Auto.ru,auto.ru-screens/17-price-estimate/17-price-estimate_16.jpg,17,price-estimate,16,image,valuation,reference-only,,,d6da0f578a55
AR-17-017,Auto.ru,auto.ru-screens/17-price-estimate/17-price-estimate_17.jpg,17,price-estimate,17,image,valuation,reference-only,,,bfc7bdfebee4
AR-17-018,Auto.ru,auto.ru-screens/17-price-estimate/17-price-estimate_18.jpg,17,price-estimate,18,image,valuation,reference-only,,,39b210e66d5e
AR-17-019,Auto.ru,auto.ru-screens/17-price-estimate/17-price-estimate_19.jpg,17,price-estimate,19,image,valuation,reference-only,,,ea8e24af0283
AR-17-020,Auto.ru,auto.ru-screens/17-price-estimate/17-price-estimate_20.jpg,17,price-estimate,20,image,valuation,reference-only,,,2870d9c3b661
AR-17-021,Auto.ru,auto.ru-screens/17-price-estimate/17-price-estimate_21.jpg,17,price-estimate,21,image,valuation,reference-only,,,35ac998c6a48
AR-17-022,Auto.ru,auto.ru-screens/17-price-estimate/17-price-estimate_22.jpg,17,price-estimate,22,image,valuation,reference-only,,,dbf70c0b9109
AR-17-023,Auto.ru,auto.ru-screens/17-price-estimate/17-price-estimate_23.jpg,17,price-estimate,23,image,valuation,reference-only,,,2af07ff50bc3
AR-17-024,Auto.ru,auto.ru-screens/17-price-estimate/17-price-estimate_24.jpg,17,price-estimate,24,image,valuation,reference-only,,,e35d7b718883
AR-17-025,Auto.ru,auto.ru-screens/17-price-estimate/17-price-estimate_25.jpg,17,price-estimate,25,image,valuation,reference-only,,,fcc3f0685603
AR-17-026,Auto.ru,auto.ru-screens/17-price-estimate/17-price-estimate_26.jpg,17,price-estimate,26,image,valuation,reference-only,,,4ae2c53ce56c
AR-17-027,Auto.ru,auto.ru-screens/17-price-estimate/17-price-estimate_27.jpg,17,price-estimate,27,image,valuation,reference-only,,,a1538c2086b2
AR-17-028,Auto.ru,auto.ru-screens/17-price-estimate/17-price-estimate_28.jpg,17,price-estimate,28,image,valuation,reference-only,,,0b330366fe99
AR-17-029,Auto.ru,auto.ru-screens/17-price-estimate/17-price-estimate_29.jpg,17,price-estimate,29,image,valuation,reference-only,,,7572169e986f
AR-17-030,Auto.ru,auto.ru-screens/17-price-estimate/17-price-estimate_30.jpg,17,price-estimate,30,image,valuation,reference-only,,,bd5d554737eb
AR-18-001,Auto.ru,auto.ru-screens/18-chinese-cars/18-chinese-cars_1.jpg,18,chinese-cars,1,image,catalog-editorial,reference-only,AR-12-001,,b650c78e9e31
AR-18-002,Auto.ru,auto.ru-screens/18-chinese-cars/18-chinese-cars_2.jpg,18,chinese-cars,2,image,catalog-editorial,reference-only,,,48ee53da4212
AR-18-003,Auto.ru,auto.ru-screens/18-chinese-cars/18-chinese-cars_3.jpg,18,chinese-cars,3,image,catalog-editorial,reference-only,,,32cc72f82d4a
AR-18-004,Auto.ru,auto.ru-screens/18-chinese-cars/18-chinese-cars_4.jpg,18,chinese-cars,4,image,catalog-editorial,reference-only,,,3b6bfd663693
AR-18-005,Auto.ru,auto.ru-screens/18-chinese-cars/18-chinese-cars_5.jpg,18,chinese-cars,5,image,catalog-editorial,reference-only,,,f34e5b66161a
AR-18-006,Auto.ru,auto.ru-screens/18-chinese-cars/18-chinese-cars_6.jpg,18,chinese-cars,6,image,catalog-editorial,reference-only,,,4b8687996005
AR-18-007,Auto.ru,auto.ru-screens/18-chinese-cars/18-chinese-cars_7.jpg,18,chinese-cars,7,image,catalog-editorial,reference-only,,,5fbcaa0d7407
AR-18-008,Auto.ru,auto.ru-screens/18-chinese-cars/18-chinese-cars_8.jpg,18,chinese-cars,8,image,catalog-editorial,reference-only,,,61f8a61677f6
AR-18-009,Auto.ru,auto.ru-screens/18-chinese-cars/18-chinese-cars_9.jpg,18,chinese-cars,9,image,catalog-editorial,reference-only,,,e839806f6ebe
AR-18-010,Auto.ru,auto.ru-screens/18-chinese-cars/18-chinese-cars_10.jpg,18,chinese-cars,10,image,catalog-editorial,reference-only,,,c101c73994e6
AR-19-001,Auto.ru,auto.ru-screens/19-electric-cars/19-electric-cars_1.jpg,19,electric-cars,1,image,catalog-editorial,reference-only,AR-12-001,,b650c78e9e31
AR-19-002,Auto.ru,auto.ru-screens/19-electric-cars/19-electric-cars_2.jpg,19,electric-cars,2,image,catalog-editorial,reference-only,,,6dfc612e73b1
AR-19-003,Auto.ru,auto.ru-screens/19-electric-cars/19-electric-cars_3.jpg,19,electric-cars,3,image,catalog-editorial,reference-only,,,38d57214ae2e
AR-19-004,Auto.ru,auto.ru-screens/19-electric-cars/19-electric-cars_4.jpg,19,electric-cars,4,image,catalog-editorial,reference-only,,,bd6e66ef5910
AR-19-005,Auto.ru,auto.ru-screens/19-electric-cars/19-electric-cars_5.jpg,19,electric-cars,5,image,catalog-editorial,reference-only,,,0c85fb2d6068
AR-19-006,Auto.ru,auto.ru-screens/19-electric-cars/19-electric-cars_6.jpg,19,electric-cars,6,image,catalog-editorial,reference-only,,,519e6244839f
AR-19-007,Auto.ru,auto.ru-screens/19-electric-cars/19-electric-cars_7.jpg,19,electric-cars,7,image,catalog-editorial,reference-only,,,2917c44327ea
AR-20-001,Auto.ru,auto.ru-screens/20-jetour-brand/20-jetour-brand_1.jpg,20,jetour-brand,1,image,catalog-editorial,reference-only,AR-12-001,,b650c78e9e31
AR-20-002,Auto.ru,auto.ru-screens/20-jetour-brand/20-jetour-brand_2.jpg,20,jetour-brand,2,image,catalog-editorial,reference-only,,,a790aad8ff51
AR-20-003,Auto.ru,auto.ru-screens/20-jetour-brand/20-jetour-brand_3.jpg,20,jetour-brand,3,image,catalog-editorial,reference-only,,,d9aabf3e0764
AR-20-004,Auto.ru,auto.ru-screens/20-jetour-brand/20-jetour-brand_4.jpg,20,jetour-brand,4,image,catalog-editorial,reference-only,,,23337ea8c2b7
AR-20-005,Auto.ru,auto.ru-screens/20-jetour-brand/20-jetour-brand_5.jpg,20,jetour-brand,5,image,catalog-editorial,reference-only,,,637c75ead380
AR-20-006,Auto.ru,auto.ru-screens/20-jetour-brand/20-jetour-brand_6.jpg,20,jetour-brand,6,image,catalog-editorial,reference-only,,,6e4d646b563c
AR-20-007,Auto.ru,auto.ru-screens/20-jetour-brand/20-jetour-brand_7.jpg,20,jetour-brand,7,image,catalog-editorial,reference-only,,,832c71355f73
AR-20-008,Auto.ru,auto.ru-screens/20-jetour-brand/20-jetour-brand_8.jpg,20,jetour-brand,8,image,catalog-editorial,reference-only,,,f26c9d7fc019
AR-20-009,Auto.ru,auto.ru-screens/20-jetour-brand/20-jetour-brand_9.jpg,20,jetour-brand,9,image,catalog-editorial,reference-only,,,6887c1b73a10
AR-20-010,Auto.ru,auto.ru-screens/20-jetour-brand/20-jetour-brand_10.jpg,20,jetour-brand,10,image,catalog-editorial,reference-only,,,54ecfbbeb33b
AR-20-011,Auto.ru,auto.ru-screens/20-jetour-brand/20-jetour-brand_11.jpg,20,jetour-brand,11,image,catalog-editorial,reference-only,,,fb93ff39f476
AR-21-001,Auto.ru,auto.ru-screens/21-garage/21-garage_1.jpg,21,garage,1,image,garage-logbook,reference-only,AR-14-001,,a540e11399fb
AR-21-002,Auto.ru,auto.ru-screens/21-garage/21-garage_2.jpg,21,garage,2,image,garage-logbook,reference-only,,,df82a96a93ed
AR-21-003,Auto.ru,auto.ru-screens/21-garage/21-garage_3.jpg,21,garage,3,image,garage-logbook,reference-only,,,a183df9e7411
AR-21-004,Auto.ru,auto.ru-screens/21-garage/21-garage_4.jpg,21,garage,4,image,garage-logbook,reference-only,,,45b4563ddc9b
AR-21-005,Auto.ru,auto.ru-screens/21-garage/21-garage_5.jpg,21,garage,5,image,garage-logbook,reference-only,,,c7f9e4ee576b
AR-21-006,Auto.ru,auto.ru-screens/21-garage/21-garage_6.jpg,21,garage,6,image,garage-logbook,reference-only,,,efc882d76117
AR-21-007,Auto.ru,auto.ru-screens/21-garage/21-garage_7.jpg,21,garage,7,image,garage-logbook,reference-only,,,f1813c75b5e1
AR-21-008,Auto.ru,auto.ru-screens/21-garage/21-garage_8.jpg,21,garage,8,image,garage-logbook,reference-only,,,8080c5bfc43e
AR-21-009,Auto.ru,auto.ru-screens/21-garage/21-garage_9.jpg,21,garage,9,image,garage-logbook,reference-only,,,b109b83c7e90
AR-22-001,Auto.ru,auto.ru-screens/22-add-car-garage/22-add-car-garage_1.jpg,22,add-car-garage,1,image,garage-logbook,reference-only,AR-21-009,,b109b83c7e90
AR-22-002,Auto.ru,auto.ru-screens/22-add-car-garage/22-add-car-garage_2.jpg,22,add-car-garage,2,image,garage-logbook,reference-only,,,28c7a53ef820
AR-22-003,Auto.ru,auto.ru-screens/22-add-car-garage/22-add-car-garage_3.jpg,22,add-car-garage,3,image,garage-logbook,reference-only,,,9231f6ff555e
AR-22-004,Auto.ru,auto.ru-screens/22-add-car-garage/22-add-car-garage_4.jpg,22,add-car-garage,4,image,garage-logbook,reference-only,,,acaa451c9cde
AR-22-005,Auto.ru,auto.ru-screens/22-add-car-garage/22-add-car-garage_5.jpg,22,add-car-garage,5,image,garage-logbook,reference-only,,,06f484439e63
AR-22-006,Auto.ru,auto.ru-screens/22-add-car-garage/22-add-car-garage_6.jpg,22,add-car-garage,6,image,garage-logbook,reference-only,,,1236443c2637
AR-22-007,Auto.ru,auto.ru-screens/22-add-car-garage/22-add-car-garage_7.jpg,22,add-car-garage,7,image,garage-logbook,reference-only,,,98a218a23a21
AR-22-008,Auto.ru,auto.ru-screens/22-add-car-garage/22-add-car-garage_8.jpg,22,add-car-garage,8,image,garage-logbook,reference-only,,,3fc9a57121e9
AR-22-009,Auto.ru,auto.ru-screens/22-add-car-garage/22-add-car-garage_9.jpg,22,add-car-garage,9,image,garage-logbook,reference-only,,,794da4eb6c81
AR-22-010,Auto.ru,auto.ru-screens/22-add-car-garage/22-add-car-garage_10.jpg,22,add-car-garage,10,image,garage-logbook,reference-only,,,87b08865179d
AR-22-011,Auto.ru,auto.ru-screens/22-add-car-garage/22-add-car-garage_11.jpg,22,add-car-garage,11,image,garage-logbook,reference-only,,,934235c6829b
AR-22-012,Auto.ru,auto.ru-screens/22-add-car-garage/22-add-car-garage_12.jpg,22,add-car-garage,12,image,garage-logbook,reference-only,,,39e0a703ceb2
AR-22-013,Auto.ru,auto.ru-screens/22-add-car-garage/22-add-car-garage_13.jpg,22,add-car-garage,13,image,garage-logbook,reference-only,,,1e914150d272
AR-22-014,Auto.ru,auto.ru-screens/22-add-car-garage/22-add-car-garage_14.jpg,22,add-car-garage,14,image,garage-logbook,reference-only,,,5dc99588994d
AR-23-001,Auto.ru,auto.ru-screens/23-car-in-garage/23-car-in-garage_1.jpg,23,car-in-garage,1,image,garage-logbook,reference-only,AR-22-014,,5dc99588994d
AR-23-002,Auto.ru,auto.ru-screens/23-car-in-garage/23-car-in-garage_2.jpg,23,car-in-garage,2,image,garage-logbook,reference-only,,,dc1cb2107c71
AR-23-003,Auto.ru,auto.ru-screens/23-car-in-garage/23-car-in-garage_3.jpg,23,car-in-garage,3,image,garage-logbook,reference-only,,,ce4b43113167
AR-23-004,Auto.ru,auto.ru-screens/23-car-in-garage/23-car-in-garage_4.jpg,23,car-in-garage,4,image,garage-logbook,reference-only,,,6121f78c703c
AR-23-005,Auto.ru,auto.ru-screens/23-car-in-garage/23-car-in-garage_5.jpg,23,car-in-garage,5,image,garage-logbook,reference-only,,,4cdca960f043
AR-23-006,Auto.ru,auto.ru-screens/23-car-in-garage/23-car-in-garage_6.jpg,23,car-in-garage,6,image,garage-logbook,reference-only,,,99285d48232e
AR-23-007,Auto.ru,auto.ru-screens/23-car-in-garage/23-car-in-garage_7.jpg,23,car-in-garage,7,image,garage-logbook,reference-only,,,0cdfa1c2ba81
AR-23-008,Auto.ru,auto.ru-screens/23-car-in-garage/23-car-in-garage_8.jpg,23,car-in-garage,8,image,garage-logbook,reference-only,,,5d4248063d05
AR-23-009,Auto.ru,auto.ru-screens/23-car-in-garage/23-car-in-garage_9.jpg,23,car-in-garage,9,image,garage-logbook,reference-only,AR-23-007,,0cdfa1c2ba81
AR-23-010,Auto.ru,auto.ru-screens/23-car-in-garage/23-car-in-garage_10.jpg,23,car-in-garage,10,image,garage-logbook,reference-only,,,fa957dae76a9
AR-23-011,Auto.ru,auto.ru-screens/23-car-in-garage/23-car-in-garage_11.jpg,23,car-in-garage,11,image,garage-logbook,reference-only,,,a579bbf20209
AR-23-012,Auto.ru,auto.ru-screens/23-car-in-garage/23-car-in-garage_12.jpg,23,car-in-garage,12,image,garage-logbook,reference-only,,,f0c66faa59eb
AR-23-013,Auto.ru,auto.ru-screens/23-car-in-garage/23-car-in-garage_13.jpg,23,car-in-garage,13,image,garage-logbook,reference-only,,,d1a204cb5cb8
AR-23-014,Auto.ru,auto.ru-screens/23-car-in-garage/23-car-in-garage_14.jpg,23,car-in-garage,14,image,garage-logbook,reference-only,,,5ee4e894463f
AR-23-015,Auto.ru,auto.ru-screens/23-car-in-garage/23-car-in-garage_15.jpg,23,car-in-garage,15,image,garage-logbook,reference-only,,,b9585c91eae7
AR-23-016,Auto.ru,auto.ru-screens/23-car-in-garage/23-car-in-garage_16.jpg,23,car-in-garage,16,image,garage-logbook,reference-only,,,aa2777a1cf24
AR-23-017,Auto.ru,auto.ru-screens/23-car-in-garage/23-car-in-garage_17.jpg,23,car-in-garage,17,image,garage-logbook,reference-only,,,8bb0ee3657ec
AR-23-018,Auto.ru,auto.ru-screens/23-car-in-garage/23-car-in-garage_18.jpg,23,car-in-garage,18,image,garage-logbook,reference-only,,,260185f3d454
AR-23-019,Auto.ru,auto.ru-screens/23-car-in-garage/23-car-in-garage_19.jpg,23,car-in-garage,19,image,garage-logbook,reference-only,,,686f4e9b40fb
AR-23-020,Auto.ru,auto.ru-screens/23-car-in-garage/23-car-in-garage_20.jpg,23,car-in-garage,20,image,garage-logbook,reference-only,,,2d3a9adb8d75
AR-23-021,Auto.ru,auto.ru-screens/23-car-in-garage/23-car-in-garage_21.jpg,23,car-in-garage,21,image,garage-logbook,reference-only,,,ceda2f0ab887
AR-23-022,Auto.ru,auto.ru-screens/23-car-in-garage/23-car-in-garage_22.jpg,23,car-in-garage,22,image,garage-logbook,reference-only,,,a467f18e8379
AR-23-023,Auto.ru,auto.ru-screens/23-car-in-garage/23-car-in-garage_23.jpg,23,car-in-garage,23,image,garage-logbook,reference-only,,,51844dcf7e81
AR-24-001,Auto.ru,auto.ru-screens/24-garage-entries/24-garage-entries_1.jpg,24,garage-entries,1,image,garage-logbook,reference-only,,,832c4f3f1f48
AR-24-002,Auto.ru,auto.ru-screens/24-garage-entries/24-garage-entries_2.jpg,24,garage-entries,2,image,garage-logbook,reference-only,,,55bed1876482
AR-24-003,Auto.ru,auto.ru-screens/24-garage-entries/24-garage-entries_3.jpg,24,garage-entries,3,image,garage-logbook,reference-only,,,914176eeb23b
AR-24-004,Auto.ru,auto.ru-screens/24-garage-entries/24-garage-entries_4.jpg,24,garage-entries,4,image,garage-logbook,reference-only,,,7a591161fbf3
AR-24-005,Auto.ru,auto.ru-screens/24-garage-entries/24-garage-entries_5.jpg,24,garage-entries,5,image,garage-logbook,reference-only,,,e2fd98b16e20
AR-24-006,Auto.ru,auto.ru-screens/24-garage-entries/24-garage-entries_6.jpg,24,garage-entries,6,image,garage-logbook,reference-only,,,20cabe8a34d8
AR-24-007,Auto.ru,auto.ru-screens/24-garage-entries/24-garage-entries_7.jpg,24,garage-entries,7,image,garage-logbook,reference-only,,,e1d1fd78e542
AR-25-001,Auto.ru,auto.ru-screens/25-logbook/25-logbook_1.jpg,25,logbook,1,image,garage-logbook,reference-only,AR-12-001,,b650c78e9e31
AR-25-002,Auto.ru,auto.ru-screens/25-logbook/25-logbook_2.jpg,25,logbook,2,image,garage-logbook,reference-only,AR-24-001,,832c4f3f1f48
AR-25-003,Auto.ru,auto.ru-screens/25-logbook/25-logbook_3.jpg,25,logbook,3,image,garage-logbook,reference-only,,,ea001ba59f21
AR-25-004,Auto.ru,auto.ru-screens/25-logbook/25-logbook_4.jpg,25,logbook,4,image,garage-logbook,reference-only,,,21fa2a02a69e
AR-25-005,Auto.ru,auto.ru-screens/25-logbook/25-logbook_5.jpg,25,logbook,5,image,garage-logbook,reference-only,,,78d07c33f809
AR-25-006,Auto.ru,auto.ru-screens/25-logbook/25-logbook_6.jpg,25,logbook,6,image,garage-logbook,reference-only,,,3c0e5b84f83a
AR-25-007,Auto.ru,auto.ru-screens/25-logbook/25-logbook_7.jpg,25,logbook,7,image,garage-logbook,reference-only,,,7de9615f4679
AR-25-008,Auto.ru,auto.ru-screens/25-logbook/25-logbook_8.jpg,25,logbook,8,image,garage-logbook,reference-only,,,0f27f55a6326
AR-25-009,Auto.ru,auto.ru-screens/25-logbook/25-logbook_9.jpg,25,logbook,9,image,garage-logbook,reference-only,,,183ccfe32019
AR-25-010,Auto.ru,auto.ru-screens/25-logbook/25-logbook_10.jpg,25,logbook,10,image,garage-logbook,reference-only,,,0b752b55104a
AR-25-011,Auto.ru,auto.ru-screens/25-logbook/25-logbook_11.jpg,25,logbook,11,image,garage-logbook,reference-only,,,a8793d732f0a
AR-25-012,Auto.ru,auto.ru-screens/25-logbook/25-logbook_12.jpg,25,logbook,12,image,garage-logbook,reference-only,,,2495e8f9fc9f
AR-26-001,Auto.ru,auto.ru-screens/26-create-logbook-entry/26-create-logbook-entry_1.jpg,26,create-logbook-entry,1,image,garage-logbook,reference-only,AR-24-001,,832c4f3f1f48
AR-26-002,Auto.ru,auto.ru-screens/26-create-logbook-entry/26-create-logbook-entry_2.jpg,26,create-logbook-entry,2,image,garage-logbook,reference-only,,,2fda12a44db6
AR-27-001,Auto.ru,auto.ru-screens/27-logbook-entry-detail/27-logbook-entry-detail_1.jpg,27,logbook-entry-detail,1,image,garage-logbook,reference-only,AR-24-007,,e1d1fd78e542
AR-27-002,Auto.ru,auto.ru-screens/27-logbook-entry-detail/27-logbook-entry-detail_2.jpg,27,logbook-entry-detail,2,image,garage-logbook,reference-only,,,0bcbbfa99b16
AR-27-003,Auto.ru,auto.ru-screens/27-logbook-entry-detail/27-logbook-entry-detail_3.jpg,27,logbook-entry-detail,3,image,garage-logbook,reference-only,,,1241989e042e
AR-27-004,Auto.ru,auto.ru-screens/27-logbook-entry-detail/27-logbook-entry-detail_4.jpg,27,logbook-entry-detail,4,image,garage-logbook,reference-only,,,fc32e43a6331
AR-27-005,Auto.ru,auto.ru-screens/27-logbook-entry-detail/27-logbook-entry-detail_5.jpg,27,logbook-entry-detail,5,image,garage-logbook,reference-only,,,bffd3a13079e
AR-27-006,Auto.ru,auto.ru-screens/27-logbook-entry-detail/27-logbook-entry-detail_6.jpg,27,logbook-entry-detail,6,image,garage-logbook,reference-only,,,0cdc48b05d8e
AR-27-007,Auto.ru,auto.ru-screens/27-logbook-entry-detail/27-logbook-entry-detail_7.jpg,27,logbook-entry-detail,7,image,garage-logbook,reference-only,,,86ed825f343b
AR-28-001,Auto.ru,auto.ru-screens/28-autoru-magazine/28-autoru-magazine_1.jpg,28,autoru-magazine,1,image,content-community,reference-only,AR-12-001,,b650c78e9e31
AR-28-002,Auto.ru,auto.ru-screens/28-autoru-magazine/28-autoru-magazine_2.jpg,28,autoru-magazine,2,image,content-community,reference-only,,,8da3f4ead2bd
AR-28-003,Auto.ru,auto.ru-screens/28-autoru-magazine/28-autoru-magazine_3.jpg,28,autoru-magazine,3,image,content-community,reference-only,,,c6025dbfb4d3
AR-28-004,Auto.ru,auto.ru-screens/28-autoru-magazine/28-autoru-magazine_4.jpg,28,autoru-magazine,4,image,content-community,reference-only,,,c2a57b08c467
AR-28-005,Auto.ru,auto.ru-screens/28-autoru-magazine/28-autoru-magazine_5.jpg,28,autoru-magazine,5,image,content-community,reference-only,,,3b1395ad9f20
AR-28-006,Auto.ru,auto.ru-screens/28-autoru-magazine/28-autoru-magazine_6.jpg,28,autoru-magazine,6,image,content-community,reference-only,,,ed4ba8c4c427
AR-28-007,Auto.ru,auto.ru-screens/28-autoru-magazine/28-autoru-magazine_7.jpg,28,autoru-magazine,7,image,content-community,reference-only,,,ac5f2f374b70
AR-28-008,Auto.ru,auto.ru-screens/28-autoru-magazine/28-autoru-magazine_8.jpg,28,autoru-magazine,8,image,content-community,reference-only,,,960c85c8f143
AR-28-009,Auto.ru,auto.ru-screens/28-autoru-magazine/28-autoru-magazine_9.jpg,28,autoru-magazine,9,image,content-community,reference-only,,,d8546ca8e37a
AR-28-010,Auto.ru,auto.ru-screens/28-autoru-magazine/28-autoru-magazine_10.jpg,28,autoru-magazine,10,image,content-community,reference-only,,,77e1806e6431
AR-28-011,Auto.ru,auto.ru-screens/28-autoru-magazine/28-autoru-magazine_11.jpg,28,autoru-magazine,11,image,content-community,reference-only,,,d00d87878bda
AR-28-012,Auto.ru,auto.ru-screens/28-autoru-magazine/28-autoru-magazine_12.jpg,28,autoru-magazine,12,image,content-community,reference-only,,,9d4ce8a557a7
AR-28-013,Auto.ru,auto.ru-screens/28-autoru-magazine/28-autoru-magazine_13.jpg,28,autoru-magazine,13,image,content-community,reference-only,,,d64314dba226
AR-28-014,Auto.ru,auto.ru-screens/28-autoru-magazine/28-autoru-magazine_14.jpg,28,autoru-magazine,14,image,content-community,reference-only,,,3d9b8aaeefe6
AR-28-015,Auto.ru,auto.ru-screens/28-autoru-magazine/28-autoru-magazine_15.jpg,28,autoru-magazine,15,image,content-community,reference-only,,,6c3b025027e8
AR-28-016,Auto.ru,auto.ru-screens/28-autoru-magazine/28-autoru-magazine_16.jpg,28,autoru-magazine,16,image,content-community,reference-only,,,2202c1cd8655
AR-28-017,Auto.ru,auto.ru-screens/28-autoru-magazine/28-autoru-magazine_17.jpg,28,autoru-magazine,17,image,content-community,reference-only,,,d749a8c68cba
AR-28-018,Auto.ru,auto.ru-screens/28-autoru-magazine/28-autoru-magazine_18.jpg,28,autoru-magazine,18,image,content-community,reference-only,,,3c1e0c5d00eb
AR-28-019,Auto.ru,auto.ru-screens/28-autoru-magazine/28-autoru-magazine_19.jpg,28,autoru-magazine,19,image,content-community,reference-only,,,ddb5ef8f2328
AR-28-020,Auto.ru,auto.ru-screens/28-autoru-magazine/28-autoru-magazine_20.jpg,28,autoru-magazine,20,image,content-community,reference-only,,,ab08500a12c2
AR-28-021,Auto.ru,auto.ru-screens/28-autoru-magazine/28-autoru-magazine_21.jpg,28,autoru-magazine,21,image,content-community,reference-only,,,9b9260d81065
AR-28-022,Auto.ru,auto.ru-screens/28-autoru-magazine/28-autoru-magazine_22.jpg,28,autoru-magazine,22,image,content-community,reference-only,,,13737e4e10c4
AR-28-023,Auto.ru,auto.ru-screens/28-autoru-magazine/28-autoru-magazine_23.jpg,28,autoru-magazine,23,image,content-community,reference-only,,,50788d5d0064
AR-28-024,Auto.ru,auto.ru-screens/28-autoru-magazine/28-autoru-magazine_24.jpg,28,autoru-magazine,24,image,content-community,reference-only,,,5df1c7d47fc5
AR-28-025,Auto.ru,auto.ru-screens/28-autoru-magazine/28-autoru-magazine_25.jpg,28,autoru-magazine,25,image,content-community,reference-only,,,a9c22c66ac97
AR-29-001,Auto.ru,auto.ru-screens/29-create-article/29-create-article_1.jpg,29,create-article,1,image,content-community,reference-only,AR-26-002,,2fda12a44db6
AR-29-002,Auto.ru,auto.ru-screens/29-create-article/29-create-article_2.jpg,29,create-article,2,image,content-community,reference-only,,,756e854cd232
AR-29-003,Auto.ru,auto.ru-screens/29-create-article/29-create-article_3.jpg,29,create-article,3,image,content-community,reference-only,,,c8c6eb1ceaf0
AR-29-004,Auto.ru,auto.ru-screens/29-create-article/29-create-article_4.jpg,29,create-article,4,image,content-community,reference-only,,,9dd443bf78f2
AR-29-005,Auto.ru,auto.ru-screens/29-create-article/29-create-article_5.jpg,29,create-article,5,image,content-community,reference-only,,,eff710977505
AR-29-006,Auto.ru,auto.ru-screens/29-create-article/29-create-article_6.jpg,29,create-article,6,image,content-community,reference-only,,,8ab275ba5fd1
AR-29-007,Auto.ru,auto.ru-screens/29-create-article/29-create-article_7.jpg,29,create-article,7,image,content-community,reference-only,,,c45a4423e3e5
AR-29-008,Auto.ru,auto.ru-screens/29-create-article/29-create-article_8.jpg,29,create-article,8,image,content-community,reference-only,,,1cd8af77ee16
AR-29-009,Auto.ru,auto.ru-screens/29-create-article/29-create-article_9.jpg,29,create-article,9,image,content-community,reference-only,,,fbadec47f425
AR-29-010,Auto.ru,auto.ru-screens/29-create-article/29-create-article_10.jpg,29,create-article,10,image,content-community,reference-only,,,77b6ab35ea7f
AR-29-011,Auto.ru,auto.ru-screens/29-create-article/29-create-article_11.jpg,29,create-article,11,image,content-community,reference-only,,,b3024426f172
AR-29-012,Auto.ru,auto.ru-screens/29-create-article/29-create-article_12.jpg,29,create-article,12,image,content-community,reference-only,,,08f8a0121d4e
AR-29-013,Auto.ru,auto.ru-screens/29-create-article/29-create-article_13.jpg,29,create-article,13,image,content-community,reference-only,,,8414858a5d08
AR-29-014,Auto.ru,auto.ru-screens/29-create-article/29-create-article_14.jpg,29,create-article,14,image,content-community,reference-only,,,0eaeb3b0b229
AR-29-015,Auto.ru,auto.ru-screens/29-create-article/29-create-article_15.jpg,29,create-article,15,image,content-community,reference-only,,,c5eeb906e111
AR-29-016,Auto.ru,auto.ru-screens/29-create-article/29-create-article_16.jpg,29,create-article,16,image,content-community,reference-only,,,4ecb91cceaee
AR-29-017,Auto.ru,auto.ru-screens/29-create-article/29-create-article_17.jpg,29,create-article,17,image,content-community,reference-only,,,64ff5e1ced5d
AR-29-018,Auto.ru,auto.ru-screens/29-create-article/29-create-article_18.jpg,29,create-article,18,image,content-community,reference-only,,,0b03d5ae0e8b
AR-29-019,Auto.ru,auto.ru-screens/29-create-article/29-create-article_19.jpg,29,create-article,19,image,content-community,reference-only,,,df2b07af001b
AR-29-020,Auto.ru,auto.ru-screens/29-create-article/29-create-article_20.jpg,29,create-article,20,image,content-community,reference-only,,,16a7372f026e
AR-29-021,Auto.ru,auto.ru-screens/29-create-article/29-create-article_21.jpg,29,create-article,21,image,content-community,reference-only,,,043d90193798
AR-29-022,Auto.ru,auto.ru-screens/29-create-article/29-create-article_22.jpg,29,create-article,22,image,content-community,reference-only,,,eb29c86e07bf
AR-29-023,Auto.ru,auto.ru-screens/29-create-article/29-create-article_23.jpg,29,create-article,23,image,content-community,reference-only,,,6985c9abb403
AR-30-001,Auto.ru,auto.ru-screens/30-create-post/30-create-post_1.jpg,30,create-post,1,image,content-community,reference-only,AR-26-002,,2fda12a44db6
AR-30-002,Auto.ru,auto.ru-screens/30-create-post/30-create-post_2.jpg,30,create-post,2,image,content-community,reference-only,,,dcb37f943e1d
AR-30-003,Auto.ru,auto.ru-screens/30-create-post/30-create-post_3.jpg,30,create-post,3,image,content-community,reference-only,,,722ba0dd3819
AR-30-004,Auto.ru,auto.ru-screens/30-create-post/30-create-post_4.jpg,30,create-post,4,image,content-community,reference-only,,,0e0d0ead7b3a
AR-30-005,Auto.ru,auto.ru-screens/30-create-post/30-create-post_5.jpg,30,create-post,5,image,content-community,reference-only,,,8671a698f8eb
AR-30-006,Auto.ru,auto.ru-screens/30-create-post/30-create-post_6.jpg,30,create-post,6,image,content-community,reference-only,,,f79ad1a8dfcb
AR-30-007,Auto.ru,auto.ru-screens/30-create-post/30-create-post_7.jpg,30,create-post,7,image,content-community,reference-only,,,78578dea09d9
AR-30-008,Auto.ru,auto.ru-screens/30-create-post/30-create-post_8.jpg,30,create-post,8,image,content-community,reference-only,,,d195b0109f27
AR-30-009,Auto.ru,auto.ru-screens/30-create-post/30-create-post_9.jpg,30,create-post,9,image,content-community,reference-only,,,e2caab50ce22
AR-30-010,Auto.ru,auto.ru-screens/30-create-post/30-create-post_10.jpg,30,create-post,10,image,content-community,reference-only,,,26637315d5a2
AR-30-011,Auto.ru,auto.ru-screens/30-create-post/30-create-post_11.jpg,30,create-post,11,image,content-community,reference-only,,,3b19ac324111
AR-30-012,Auto.ru,auto.ru-screens/30-create-post/30-create-post_12.jpg,30,create-post,12,image,content-community,reference-only,,,f7efb7667d1e
AR-30-013,Auto.ru,auto.ru-screens/30-create-post/30-create-post_13.jpg,30,create-post,13,image,content-community,reference-only,,,c32c5745e0f1
AR-30-014,Auto.ru,auto.ru-screens/30-create-post/30-create-post_14.jpg,30,create-post,14,image,content-community,reference-only,,,18ee376e2ab1
AR-30-015,Auto.ru,auto.ru-screens/30-create-post/30-create-post_15.jpg,30,create-post,15,image,content-community,reference-only,,,1555956a915c
AR-30-016,Auto.ru,auto.ru-screens/30-create-post/30-create-post_16.jpg,30,create-post,16,image,content-community,reference-only,,,c7db7d3b5b83
AR-30-017,Auto.ru,auto.ru-screens/30-create-post/30-create-post_17.jpg,30,create-post,17,image,content-community,reference-only,,,aee0a69aaadf
AR-30-018,Auto.ru,auto.ru-screens/30-create-post/30-create-post_18.jpg,30,create-post,18,image,content-community,reference-only,,,12f52ced02da
AR-30-019,Auto.ru,auto.ru-screens/30-create-post/30-create-post_19.jpg,30,create-post,19,image,content-community,reference-only,,,705210a95343
AR-30-020,Auto.ru,auto.ru-screens/30-create-post/30-create-post_20.jpg,30,create-post,20,image,content-community,reference-only,,,00b7a5098238
AR-30-021,Auto.ru,auto.ru-screens/30-create-post/30-create-post_21.jpg,30,create-post,21,image,content-community,reference-only,,,4fd9e93a3fa0
AR-30-022,Auto.ru,auto.ru-screens/30-create-post/30-create-post_22.jpg,30,create-post,22,image,content-community,reference-only,,,6422e7bb3679
AR-30-023,Auto.ru,auto.ru-screens/30-create-post/30-create-post_23.jpg,30,create-post,23,image,content-community,reference-only,,,e1ba66abbd38
AR-31-001,Auto.ru,auto.ru-screens/31-comment-post/31-comment-post_1.jpg,31,comment-post,1,image,content-community,reference-only,,,c9a7007513d6
AR-31-002,Auto.ru,auto.ru-screens/31-comment-post/31-comment-post_2.jpg,31,comment-post,2,image,content-community,reference-only,,,8c4e6d79d77d
AR-31-003,Auto.ru,auto.ru-screens/31-comment-post/31-comment-post_3.jpg,31,comment-post,3,image,content-community,reference-only,,,19d5ea93d8d2
AR-31-004,Auto.ru,auto.ru-screens/31-comment-post/31-comment-post_4.jpg,31,comment-post,4,image,content-community,reference-only,,,336642f3b12d
AR-31-005,Auto.ru,auto.ru-screens/31-comment-post/31-comment-post_5.jpg,31,comment-post,5,image,content-community,reference-only,,,9ae71ec8e4d5
AR-31-006,Auto.ru,auto.ru-screens/31-comment-post/31-comment-post_6.jpg,31,comment-post,6,image,content-community,reference-only,,,d8887735548f
AR-32-001,Auto.ru,auto.ru-screens/32-car-videos/32-car-videos_1.jpg,32,car-videos,1,image,content-community,reference-only,,,1135967aef61
AR-32-002,Auto.ru,auto.ru-screens/32-car-videos/32-car-videos_2.jpg,32,car-videos,2,image,content-community,reference-only,,,6010665df4cb
AR-32-003,Auto.ru,auto.ru-screens/32-car-videos/32-car-videos_3.jpg,32,car-videos,3,image,content-community,reference-only,,,2cc9dee98a19
AR-32-004,Auto.ru,auto.ru-screens/32-car-videos/32-car-videos_4.jpg,32,car-videos,4,image,content-community,reference-only,,,2c4ad50f4d83
AR-32-005,Auto.ru,auto.ru-screens/32-car-videos/32-car-videos_5.jpg,32,car-videos,5,image,content-community,reference-only,,,35ea073f7851
AR-33-001,Auto.ru,auto.ru-screens/33-reviews/33-reviews_1.jpg,33,reviews,1,image,owner-reviews,reference-only,AR-12-001,,b650c78e9e31
AR-33-002,Auto.ru,auto.ru-screens/33-reviews/33-reviews_2.jpg,33,reviews,2,image,owner-reviews,reference-only,,,32433cec9f36
AR-33-003,Auto.ru,auto.ru-screens/33-reviews/33-reviews_3.jpg,33,reviews,3,image,owner-reviews,reference-only,,,681e1d0919b9
AR-34-001,Auto.ru,auto.ru-screens/34-create-review/34-create-review_1.jpg,34,create-review,1,image,owner-reviews,reference-only,AR-26-002,,2fda12a44db6
AR-34-002,Auto.ru,auto.ru-screens/34-create-review/34-create-review_2.jpg,34,create-review,2,image,owner-reviews,reference-only,,,f4f4963f0a10
AR-34-003,Auto.ru,auto.ru-screens/34-create-review/34-create-review_3.jpg,34,create-review,3,image,owner-reviews,reference-only,,,59aa8bba645a
AR-34-004,Auto.ru,auto.ru-screens/34-create-review/34-create-review_4.jpg,34,create-review,4,image,owner-reviews,reference-only,,,687acfeb992d
AR-34-005,Auto.ru,auto.ru-screens/34-create-review/34-create-review_5.jpg,34,create-review,5,image,owner-reviews,reference-only,,,be4e86d8f8e5
AR-34-006,Auto.ru,auto.ru-screens/34-create-review/34-create-review_6.jpg,34,create-review,6,image,owner-reviews,reference-only,,,b5ec64db9d64
AR-34-007,Auto.ru,auto.ru-screens/34-create-review/34-create-review_7.jpg,34,create-review,7,image,owner-reviews,reference-only,,,a480561427d6
AR-34-008,Auto.ru,auto.ru-screens/34-create-review/34-create-review_8.jpg,34,create-review,8,image,owner-reviews,reference-only,,,7c2fab969006
AR-34-009,Auto.ru,auto.ru-screens/34-create-review/34-create-review_9.jpg,34,create-review,9,image,owner-reviews,reference-only,,,6898b1f5a3dd
AR-34-010,Auto.ru,auto.ru-screens/34-create-review/34-create-review_10.jpg,34,create-review,10,image,owner-reviews,reference-only,,,7f3fd118553a
AR-34-011,Auto.ru,auto.ru-screens/34-create-review/34-create-review_11.jpg,34,create-review,11,image,owner-reviews,reference-only,,,92c95603e055
AR-34-012,Auto.ru,auto.ru-screens/34-create-review/34-create-review_12.jpg,34,create-review,12,image,owner-reviews,reference-only,,,7a96a9d7370e
AR-34-013,Auto.ru,auto.ru-screens/34-create-review/34-create-review_13.jpg,34,create-review,13,image,owner-reviews,reference-only,,,af8311de083e
AR-34-014,Auto.ru,auto.ru-screens/34-create-review/34-create-review_14.jpg,34,create-review,14,image,owner-reviews,reference-only,,,8db1c8d0ebbc
AR-34-015,Auto.ru,auto.ru-screens/34-create-review/34-create-review_15.jpg,34,create-review,15,image,owner-reviews,reference-only,,,dcb4968540f6
AR-34-016,Auto.ru,auto.ru-screens/34-create-review/34-create-review_16.jpg,34,create-review,16,image,owner-reviews,reference-only,,,8942ef0d0b46
AR-34-017,Auto.ru,auto.ru-screens/34-create-review/34-create-review_17.jpg,34,create-review,17,image,owner-reviews,reference-only,,,70e2104dc3e0
AR-34-018,Auto.ru,auto.ru-screens/34-create-review/34-create-review_18.jpg,34,create-review,18,image,owner-reviews,reference-only,,,0098eee87df2
AR-34-019,Auto.ru,auto.ru-screens/34-create-review/34-create-review_19.jpg,34,create-review,19,image,owner-reviews,reference-only,,,7c782421ef41
AR-34-020,Auto.ru,auto.ru-screens/34-create-review/34-create-review_20.jpg,34,create-review,20,image,owner-reviews,reference-only,,,ea138680904c
AR-34-021,Auto.ru,auto.ru-screens/34-create-review/34-create-review_21.jpg,34,create-review,21,image,owner-reviews,reference-only,,,53186091bdea
AR-34-022,Auto.ru,auto.ru-screens/34-create-review/34-create-review_22.jpg,34,create-review,22,image,owner-reviews,reference-only,,,db80321a7d6a
AR-34-023,Auto.ru,auto.ru-screens/34-create-review/34-create-review_23.jpg,34,create-review,23,image,owner-reviews,reference-only,,,df22046d6726
AR-34-024,Auto.ru,auto.ru-screens/34-create-review/34-create-review_24.jpg,34,create-review,24,image,owner-reviews,reference-only,,,f9bed0bf12f0
AR-34-025,Auto.ru,auto.ru-screens/34-create-review/34-create-review_25.jpg,34,create-review,25,image,owner-reviews,reference-only,,,2575d9c2265a
AR-34-026,Auto.ru,auto.ru-screens/34-create-review/34-create-review_26.jpg,34,create-review,26,image,owner-reviews,reference-only,,,36ededc1ad0c
AR-34-027,Auto.ru,auto.ru-screens/34-create-review/34-create-review_27.jpg,34,create-review,27,image,owner-reviews,reference-only,,,9d7620d47080
AR-34-028,Auto.ru,auto.ru-screens/34-create-review/34-create-review_28.jpg,34,create-review,28,image,owner-reviews,reference-only,,,3da1d6a779ec
AR-34-029,Auto.ru,auto.ru-screens/34-create-review/34-create-review_29.jpg,34,create-review,29,image,owner-reviews,reference-only,,,67f001856df9
AR-34-030,Auto.ru,auto.ru-screens/34-create-review/34-create-review_30.jpg,34,create-review,30,image,owner-reviews,reference-only,,,2a752eca88dd
AR-34-031,Auto.ru,auto.ru-screens/34-create-review/34-create-review_31.jpg,34,create-review,31,image,owner-reviews,reference-only,,,540842aca030
AR-35-001,Auto.ru,auto.ru-screens/35-review-points/35-review-points_1.jpg,35,review-points,1,image,owner-reviews,reference-only,,,76718e1ff024
AR-35-002,Auto.ru,auto.ru-screens/35-review-points/35-review-points_2.jpg,35,review-points,2,image,owner-reviews,reference-only,,,9619309549bf
AR-35-003,Auto.ru,auto.ru-screens/35-review-points/35-review-points_3.jpg,35,review-points,3,image,owner-reviews,reference-only,,,b53fcfd3ea5f
AR-35-004,Auto.ru,auto.ru-screens/35-review-points/35-review-points_4.jpg,35,review-points,4,image,owner-reviews,reference-only,,,229cfec3e4aa
AR-35-005,Auto.ru,auto.ru-screens/35-review-points/35-review-points_5.jpg,35,review-points,5,image,owner-reviews,reference-only,,,7734b34c4026
AR-35-006,Auto.ru,auto.ru-screens/35-review-points/35-review-points_6.jpg,35,review-points,6,image,owner-reviews,reference-only,,,ac5d75393908
AR-35-007,Auto.ru,auto.ru-screens/35-review-points/35-review-points_7.jpg,35,review-points,7,image,owner-reviews,reference-only,,,963dce46e57e
AR-35-008,Auto.ru,auto.ru-screens/35-review-points/35-review-points_8.jpg,35,review-points,8,image,owner-reviews,reference-only,,,f0cb4f91758c
AR-35-009,Auto.ru,auto.ru-screens/35-review-points/35-review-points_9.jpg,35,review-points,9,image,owner-reviews,reference-only,,,6dd4c75cb725
AR-35-010,Auto.ru,auto.ru-screens/35-review-points/35-review-points_10.jpg,35,review-points,10,image,owner-reviews,reference-only,,,10435a720548
AR-35-011,Auto.ru,auto.ru-screens/35-review-points/35-review-points_11.jpg,35,review-points,11,image,owner-reviews,reference-only,,,bcab5a6bf1ea
AR-35-012,Auto.ru,auto.ru-screens/35-review-points/35-review-points_12.jpg,35,review-points,12,image,owner-reviews,reference-only,,,7a25226c2580
AR-35-013,Auto.ru,auto.ru-screens/35-review-points/35-review-points_13.jpg,35,review-points,13,image,owner-reviews,reference-only,,,d9b1dd932d14
AR-35-014,Auto.ru,auto.ru-screens/35-review-points/35-review-points_14.jpg,35,review-points,14,image,owner-reviews,reference-only,,,8bb57981e395
AR-35-015,Auto.ru,auto.ru-screens/35-review-points/35-review-points_15.jpg,35,review-points,15,image,owner-reviews,reference-only,,,1bd77f630816
AR-35-016,Auto.ru,auto.ru-screens/35-review-points/35-review-points_16.jpg,35,review-points,16,image,owner-reviews,reference-only,,,89eadc9bb27b
AR-36-001,Auto.ru,auto.ru-screens/36-favorites/36-favorites_1.jpg,36,favorites,1,image,favorites,release-supporting,,yes,a28840a99809
AR-36-002,Auto.ru,auto.ru-screens/36-favorites/36-favorites_2.jpg,36,favorites,2,image,favorites,release-supporting,,yes,f6bb78ba768a
AR-36-003,Auto.ru,auto.ru-screens/36-favorites/36-favorites_3.jpg,36,favorites,3,image,saved-searches,reference-only,,yes,c4355f2a21a9
AR-36-004,Auto.ru,auto.ru-screens/36-favorites/36-favorites_4.jpg,36,favorites,4,image,saved-searches,reference-only,,,dff4000f924e
AR-36-005,Auto.ru,auto.ru-screens/36-favorites/36-favorites_5.jpg,36,favorites,5,image,saved-searches,reference-only,,,02920ef7eb3f
AR-36-006,Auto.ru,auto.ru-screens/36-favorites/36-favorites_6.jpg,36,favorites,6,image,saved-searches,reference-only,,,6eade4b86feb
AR-36-007,Auto.ru,auto.ru-screens/36-favorites/36-favorites_7.jpg,36,favorites,7,image,saved-searches,reference-only,,yes,f6ae8007cbef
AR-36-008,Auto.ru,auto.ru-screens/36-favorites/36-favorites_8.jpg,36,favorites,8,image,saved-searches,reference-only,,yes,45313125cc9a
AR-36-009,Auto.ru,auto.ru-screens/36-favorites/36-favorites_9.jpg,36,favorites,9,image,comparison,reference-only,,,8d3170b774aa
AR-36-010,Auto.ru,auto.ru-screens/36-favorites/36-favorites_10.jpg,36,favorites,10,image,comparison,reference-only,,,5f484d49bbc3
AR-36-011,Auto.ru,auto.ru-screens/36-favorites/36-favorites_11.jpg,36,favorites,11,image,comparison,reference-only,,,1237cc318b29
AR-36-012,Auto.ru,auto.ru-screens/36-favorites/36-favorites_12.jpg,36,favorites,12,image,comparison,reference-only,,,b10b30e6bf0a
AR-36-013,Auto.ru,auto.ru-screens/36-favorites/36-favorites_13.jpg,36,favorites,13,image,comparison,reference-only,,,73d18fd51ad6
AR-36-014,Auto.ru,auto.ru-screens/36-favorites/36-favorites_14.jpg,36,favorites,14,image,comparison,reference-only,,,ca0ae2341e98
AR-36-015,Auto.ru,auto.ru-screens/36-favorites/36-favorites_15.jpg,36,favorites,15,image,comparison,reference-only,,,3f473c8760bc
AR-36-016,Auto.ru,auto.ru-screens/36-favorites/36-favorites_16.jpg,36,favorites,16,image,comparison,reference-only,,,307d6763854f
AR-36-017,Auto.ru,auto.ru-screens/36-favorites/36-favorites_17.jpg,36,favorites,17,image,comparison,reference-only,,,830b6948a7ac
AR-36-018,Auto.ru,auto.ru-screens/36-favorites/36-favorites_18.jpg,36,favorites,18,image,comparison,reference-only,,,fc981e5863e5
AR-36-019,Auto.ru,auto.ru-screens/36-favorites/36-favorites_19.jpg,36,favorites,19,image,comparison,reference-only,,,8bdaa22013c8
AR-36-020,Auto.ru,auto.ru-screens/36-favorites/36-favorites_20.jpg,36,favorites,20,image,comparison,reference-only,,,208713f18cec
AR-36-021,Auto.ru,auto.ru-screens/36-favorites/36-favorites_21.jpg,36,favorites,21,image,comparison,reference-only,,,8996b22f00b2
AR-36-022,Auto.ru,auto.ru-screens/36-favorites/36-favorites_22.jpg,36,favorites,22,image,comparison,reference-only,,,e3c1c9ae037e
AR-36-023,Auto.ru,auto.ru-screens/36-favorites/36-favorites_23.jpg,36,favorites,23,image,comparison,reference-only,,,ad10c624907b
AR-37-001,Auto.ru,auto.ru-screens/37-seller-chat/37-seller-chat_1.jpg,37,seller-chat,1,image,conversations,release-supporting,,yes,b866d6640883
AR-37-002,Auto.ru,auto.ru-screens/37-seller-chat/37-seller-chat_2.jpg,37,seller-chat,2,image,conversations,release-supporting,,yes,83f1ba659c5e
AR-37-003,Auto.ru,auto.ru-screens/37-seller-chat/37-seller-chat_3.jpg,37,seller-chat,3,image,conversations,release-supporting,,yes,124414dddbc1
AR-37-004,Auto.ru,auto.ru-screens/37-seller-chat/37-seller-chat_4.jpg,37,seller-chat,4,image,conversations,release-supporting,,yes,455a1c90a5cf
AR-37-005,Auto.ru,auto.ru-screens/37-seller-chat/37-seller-chat_5.jpg,37,seller-chat,5,image,conversations,release-supporting,,yes,afa151ba4e78
AR-38-001,Auto.ru,auto.ru-screens/38-messages/38-messages_1.jpg,38,messages,1,image,conversations,release-supporting,,yes,5696df7b52f1
AR-38-002,Auto.ru,auto.ru-screens/38-messages/38-messages_2.jpg,38,messages,2,image,conversations,release-supporting,AR-37-005,yes,afa151ba4e78
AR-39-001,Auto.ru,auto.ru-screens/39-notifications/39-notifications_1.jpg,39,notifications,1,image,notification-center,reference-only,AR-24-001,,832c4f3f1f48
AR-39-002,Auto.ru,auto.ru-screens/39-notifications/39-notifications_2.jpg,39,notifications,2,image,notification-center,reference-only,,,74aab844769d
AR-39-003,Auto.ru,auto.ru-screens/39-notifications/39-notifications_3.jpg,39,notifications,3,image,notification-center,reference-only,,,eca1d7e2d678
AR-39-004,Auto.ru,auto.ru-screens/39-notifications/39-notifications_4.jpg,39,notifications,4,image,notification-center,reference-only,,,8a132d7380f2
AR-40-001,Auto.ru,auto.ru-screens/40-notification-settings/40-notification-settings_1.jpg,40,notification-settings,1,image,profile-settings,release-supporting,AR-32-001,,1135967aef61
AR-40-002,Auto.ru,auto.ru-screens/40-notification-settings/40-notification-settings_2.jpg,40,notification-settings,2,image,profile-settings,release-supporting,,,74b07658b952
AR-40-003,Auto.ru,auto.ru-screens/40-notification-settings/40-notification-settings_3.jpg,40,notification-settings,3,image,profile-settings,release-supporting,,,75ef60d7ea6f
AR-40-004,Auto.ru,auto.ru-screens/40-notification-settings/40-notification-settings_4.jpg,40,notification-settings,4,image,profile-settings,release-supporting,,,8e6c156ba411
AR-40-005,Auto.ru,auto.ru-screens/40-notification-settings/40-notification-settings_5.jpg,40,notification-settings,5,image,profile-settings,release-supporting,,,266765202970
AR-40-006,Auto.ru,auto.ru-screens/40-notification-settings/40-notification-settings_6.jpg,40,notification-settings,6,image,profile-settings,release-supporting,,,f893e0d4912b
AR-40-007,Auto.ru,auto.ru-screens/40-notification-settings/40-notification-settings_7.jpg,40,notification-settings,7,image,profile-settings,release-supporting,,,136cbd01da22
AR-40-008,Auto.ru,auto.ru-screens/40-notification-settings/40-notification-settings_8.jpg,40,notification-settings,8,image,profile-settings,release-supporting,,,6b5730ad0a30
AR-41-001,Auto.ru,auto.ru-screens/41-menu/41-menu_1.jpg,41,menu,1,image,profile-settings,release-supporting,AR-01-001,,2bcb02938689
AR-41-002,Auto.ru,auto.ru-screens/41-menu/41-menu_2.jpg,41,menu,2,image,profile-settings,release-supporting,,,b5bd35a66585
AR-41-003,Auto.ru,auto.ru-screens/41-menu/41-menu_3.jpg,41,menu,3,image,profile-settings,release-supporting,AR-12-001,,b650c78e9e31
AR-41-004,Auto.ru,auto.ru-screens/41-menu/41-menu_4.jpg,41,menu,4,image,profile-settings,release-supporting,AR-32-001,,1135967aef61
AR-42-001,Auto.ru,auto.ru-screens/42-theme-settings/42-theme-settings_1.jpg,42,theme-settings,1,image,profile-settings,release-supporting,AR-32-001,,1135967aef61
AR-42-002,Auto.ru,auto.ru-screens/42-theme-settings/42-theme-settings_2.jpg,42,theme-settings,2,image,profile-settings,release-supporting,,,6c906b63c61e
AR-42-003,Auto.ru,auto.ru-screens/42-theme-settings/42-theme-settings_3.jpg,42,theme-settings,3,image,profile-settings,release-supporting,,,2ccb08cd1a48
AR-42-004,Auto.ru,auto.ru-screens/42-theme-settings/42-theme-settings_4.jpg,42,theme-settings,4,image,profile-settings,release-supporting,,,80b34ec06b3d
AR-43-001,Auto.ru,auto.ru-screens/43-auth/43-auth_1.jpg,43,auth,1,image,onboarding-auth,release-supporting,AR-41-002,,b5bd35a66585
AR-43-002,Auto.ru,auto.ru-screens/43-auth/43-auth_2.jpg,43,auth,2,image,onboarding-auth,release-supporting,,,4fa8388f3fe6
AR-43-003,Auto.ru,auto.ru-screens/43-auth/43-auth_3.jpg,43,auth,3,image,onboarding-auth,release-supporting,AR-14-001,,a540e11399fb
AR-43-004,Auto.ru,auto.ru-screens/43-auth/43-auth_4.jpg,43,auth,4,image,onboarding-auth,release-supporting,,,6eca510dac07
AR-43-005,Auto.ru,auto.ru-screens/43-auth/43-auth_5.jpg,43,auth,5,image,onboarding-auth,release-supporting,,,3c939af65285
AR-44-001,Auto.ru,auto.ru-screens/44-first-login/44-first-login_1.jpg,44,first-login,1,image,onboarding-auth,release-supporting,,,7f89b4a8e9cd
AR-44-002,Auto.ru,auto.ru-screens/44-first-login/44-first-login_2.jpg,44,first-login,2,image,onboarding-auth,release-supporting,,,4f19c30e936b
AR-44-003,Auto.ru,auto.ru-screens/44-first-login/44-first-login_3.jpg,44,first-login,3,image,onboarding-auth,release-supporting,AR-01-001,,2bcb02938689
AR-45-001,Auto.ru,auto.ru-screens/45-help/45-help_1.jpg,45,help,1,image,support-help,reference-only,AR-32-001,,1135967aef61
AR-45-002,Auto.ru,auto.ru-screens/45-help/45-help_2.jpg,45,help,2,image,support-help,reference-only,,,449b9579cd44
AR-45-003,Auto.ru,auto.ru-screens/45-help/45-help_3.jpg,45,help,3,image,support-help,reference-only,,,8575f921a230
AR-45-004,Auto.ru,auto.ru-screens/45-help/45-help_4.jpg,45,help,4,image,support-help,reference-only,,,07f680928e16
AR-45-005,Auto.ru,auto.ru-screens/45-help/45-help_5.jpg,45,help,5,image,support-help,reference-only,,,d15af4bd098d
AR-46-001,Auto.ru,auto.ru-screens/46-tech-support/46-tech-support_1.jpg,46,tech-support,1,image,support-help,reference-only,AR-38-001,,5696df7b52f1
AR-46-002,Auto.ru,auto.ru-screens/46-tech-support/46-tech-support_2.jpg,46,tech-support,2,image,support-help,reference-only,,,7c3f9f633f5f
AR-46-003,Auto.ru,auto.ru-screens/46-tech-support/46-tech-support_3.jpg,46,tech-support,3,image,support-help,reference-only,,,6cb0940f1a15
AR-46-004,Auto.ru,auto.ru-screens/46-tech-support/46-tech-support_4.jpg,46,tech-support,4,image,support-help,reference-only,,,4ab6efbcdc77
AR-46-005,Auto.ru,auto.ru-screens/46-tech-support/46-tech-support_5.jpg,46,tech-support,5,image,support-help,reference-only,,,d6ab6bb3dc0f
AR-46-006,Auto.ru,auto.ru-screens/46-tech-support/46-tech-support_6.jpg,46,tech-support,6,image,support-help,reference-only,,,dd9e1e45c22f
AR-46-007,Auto.ru,auto.ru-screens/46-tech-support/46-tech-support_7.jpg,46,tech-support,7,image,support-help,reference-only,,,8e1d7dbdf75b
AR-46-008,Auto.ru,auto.ru-screens/46-tech-support/46-tech-support_8.jpg,46,tech-support,8,image,support-help,reference-only,,,4c655a85db1e
AR-46-009,Auto.ru,auto.ru-screens/46-tech-support/46-tech-support_9.jpg,46,tech-support,9,image,support-help,reference-only,,,cb5855046615
AR-46-010,Auto.ru,auto.ru-screens/46-tech-support/46-tech-support_10.jpg,46,tech-support,10,image,support-help,reference-only,,,fbc08aa75431
AR-47-001,Auto.ru,auto.ru-screens/47-wallet-promos/47-wallet-promos_1.jpg,47,wallet-promos,1,image,payments-finance,reference-only,AR-14-001,,a540e11399fb
AR-47-002,Auto.ru,auto.ru-screens/47-wallet-promos/47-wallet-promos_2.jpg,47,wallet-promos,2,image,payments-finance,reference-only,,,a2920b5a5138
AR-47-003,Auto.ru,auto.ru-screens/47-wallet-promos/47-wallet-promos_3.jpg,47,wallet-promos,3,image,payments-finance,reference-only,,,07efc4ae6193
AR-47-004,Auto.ru,auto.ru-screens/47-wallet-promos/47-wallet-promos_4.jpg,47,wallet-promos,4,image,payments-finance,reference-only,,,c2abc0864d1a
AR-47-005,Auto.ru,auto.ru-screens/47-wallet-promos/47-wallet-promos_5.jpg,47,wallet-promos,5,image,payments-finance,reference-only,,,e36faa59f9cb
AR-48-001,Auto.ru,auto.ru-screens/48-loan-application/48-loan-application_1.jpg,48,loan-application,1,image,payments-finance,reference-only,AR-14-001,,a540e11399fb
AR-48-002,Auto.ru,auto.ru-screens/48-loan-application/48-loan-application_2.jpg,48,loan-application,2,image,payments-finance,reference-only,,,491653e6b6ea
AR-49-001,Auto.ru,auto.ru-screens/49-insurance-osago/49-insurance-osago_1.jpg,49,insurance-osago,1,image,payments-finance,reference-only,AR-14-001,,a540e11399fb
AR-49-002,Auto.ru,auto.ru-screens/49-insurance-osago/49-insurance-osago_2.jpg,49,insurance-osago,2,image,payments-finance,reference-only,,,e9cad3e162c4
AR-50-002,Auto.ru,auto.ru-screens/50-create-listing/50-create-listing_2.jpg,50,create-listing,2,image,selling,release-supporting,,,445eb5f178e9
AR-50-003,Auto.ru,auto.ru-screens/50-create-listing/50-create-listing_3.jpg,50,create-listing,3,image,selling,release-supporting,,,abc802fb265d
AR-50-004,Auto.ru,auto.ru-screens/50-create-listing/50-create-listing_4.jpg,50,create-listing,4,image,selling,release-supporting,,,a4b30698b597
AR-50-005,Auto.ru,auto.ru-screens/50-create-listing/50-create-listing_5.jpg,50,create-listing,5,image,selling,release-supporting,,,0bd4aa8dc768
AR-50-006,Auto.ru,auto.ru-screens/50-create-listing/50-create-listing_6.jpg,50,create-listing,6,image,selling,release-supporting,,,a7df377f8728
AR-50-007,Auto.ru,auto.ru-screens/50-create-listing/50-create-listing_7.jpg,50,create-listing,7,image,selling,release-supporting,,,bd3adc63987d
AR-50-008,Auto.ru,auto.ru-screens/50-create-listing/50-create-listing_8.jpg,50,create-listing,8,image,selling,release-supporting,,,028c868042ef
AR-50-009,Auto.ru,auto.ru-screens/50-create-listing/50-create-listing_9.jpg,50,create-listing,9,image,selling,release-supporting,,,dd2cdd414acd
AR-50-010,Auto.ru,auto.ru-screens/50-create-listing/50-create-listing_10.jpg,50,create-listing,10,image,selling,release-supporting,,,51c9efb12b2d
AR-50-011,Auto.ru,auto.ru-screens/50-create-listing/50-create-listing_11.jpg,50,create-listing,11,image,selling,release-supporting,,,ff6494991ad3
AR-50-012,Auto.ru,auto.ru-screens/50-create-listing/50-create-listing_12.jpg,50,create-listing,12,image,selling,release-supporting,,,0282ed25eea6
AR-50-013,Auto.ru,auto.ru-screens/50-create-listing/50-create-listing_13.jpg,50,create-listing,13,image,selling,release-supporting,,,fd0d77e104b1
AR-50-014,Auto.ru,auto.ru-screens/50-create-listing/50-create-listing_14.jpg,50,create-listing,14,image,selling,release-supporting,,,62f5fd6bf3a7
AR-50-015,Auto.ru,auto.ru-screens/50-create-listing/50-create-listing_15.jpg,50,create-listing,15,image,selling,release-supporting,,,7d29df1b4a45
AR-50-016,Auto.ru,auto.ru-screens/50-create-listing/50-create-listing_16.jpg,50,create-listing,16,image,selling,release-supporting,,,edf323bf10cb
AR-50-017,Auto.ru,auto.ru-screens/50-create-listing/50-create-listing_17.jpg,50,create-listing,17,image,selling,release-supporting,,,a6840bbb045c
AR-50-018,Auto.ru,auto.ru-screens/50-create-listing/50-create-listing_18.jpg,50,create-listing,18,image,selling,release-supporting,,,a9d767f86778
AR-50-019,Auto.ru,auto.ru-screens/50-create-listing/50-create-listing_19.jpg,50,create-listing,19,image,selling,release-supporting,,,5e0c8c881f02
AR-50-020,Auto.ru,auto.ru-screens/50-create-listing/50-create-listing_20.jpg,50,create-listing,20,image,selling,release-supporting,,,fd4079368e3f
AR-50-021,Auto.ru,auto.ru-screens/50-create-listing/50-create-listing_21.jpg,50,create-listing,21,image,selling,release-supporting,,,db78f6ec02cf
AR-50-022,Auto.ru,auto.ru-screens/50-create-listing/50-create-listing_22.jpg,50,create-listing,22,image,selling,release-supporting,,,7831132ab680
AR-50-023,Auto.ru,auto.ru-screens/50-create-listing/50-create-listing_23.jpg,50,create-listing,23,image,selling,release-supporting,,,c7bd5be9dd1e
AR-50-024,Auto.ru,auto.ru-screens/50-create-listing/50-create-listing_24.jpg,50,create-listing,24,image,selling,release-supporting,,,4b184d829136
AR-50-025,Auto.ru,auto.ru-screens/50-create-listing/50-create-listing_25.jpg,50,create-listing,25,image,selling,release-supporting,,,65c1daec5a35
AR-50-026,Auto.ru,auto.ru-screens/50-create-listing/50-create-listing_26.jpg,50,create-listing,26,image,selling,release-supporting,,,84c72148d250
AR-50-027,Auto.ru,auto.ru-screens/50-create-listing/50-create-listing_27.jpg,50,create-listing,27,image,selling,release-supporting,,,66c8bd03b665
AR-50-028,Auto.ru,auto.ru-screens/50-create-listing/50-create-listing_28.jpg,50,create-listing,28,image,selling,release-supporting,,,c8611f19550e
AR-50-029,Auto.ru,auto.ru-screens/50-create-listing/50-create-listing_29.jpg,50,create-listing,29,image,selling,release-supporting,,,48d90bc7f1c6
AR-50-030,Auto.ru,auto.ru-screens/50-create-listing/50-create-listing_30.jpg,50,create-listing,30,image,selling,release-supporting,,,fbdd765927c5
AR-50-031,Auto.ru,auto.ru-screens/50-create-listing/50-create-listing_31.jpg,50,create-listing,31,image,selling,release-supporting,,,5fc478e2c152
AR-50-032,Auto.ru,auto.ru-screens/50-create-listing/50-create-listing_32.jpg,50,create-listing,32,image,selling,release-supporting,,,5a0279909e1a
AR-50-033,Auto.ru,auto.ru-screens/50-create-listing/50-create-listing_33.jpg,50,create-listing,33,image,selling,release-supporting,,,4ceaa8b1821a
AR-50-034,Auto.ru,auto.ru-screens/50-create-listing/50-create-listing_34.jpg,50,create-listing,34,image,selling,release-supporting,,,f6d5ecce9def
AR-50-035,Auto.ru,auto.ru-screens/50-create-listing/50-create-listing_35.jpg,50,create-listing,35,image,selling,release-supporting,,,846cb89f42db
AR-50-036,Auto.ru,auto.ru-screens/50-create-listing/50-create-listing_36.jpg,50,create-listing,36,image,selling,release-supporting,,,ec626de5d664
AR-50-037,Auto.ru,auto.ru-screens/50-create-listing/50-create-listing_37.jpg,50,create-listing,37,image,selling,release-supporting,,,d084ead9b996
AR-50-038,Auto.ru,auto.ru-screens/50-create-listing/50-create-listing_38.jpg,50,create-listing,38,image,selling,release-supporting,,,9f04a0e5190d
AR-50-039,Auto.ru,auto.ru-screens/50-create-listing/50-create-listing_39.jpg,50,create-listing,39,image,selling,release-supporting,,,a2ff5893acc2
AR-50-040,Auto.ru,auto.ru-screens/50-create-listing/50-create-listing_40.jpg,50,create-listing,40,image,selling,release-supporting,,,eb5a5afe03ca
AR-50-041,Auto.ru,auto.ru-screens/50-create-listing/50-create-listing_41.jpg,50,create-listing,41,image,selling,release-supporting,,,86fc3c787408
AR-50-042,Auto.ru,auto.ru-screens/50-create-listing/50-create-listing_42.jpg,50,create-listing,42,image,selling,release-supporting,,,6fab3bf6a3a6
AR-50-043,Auto.ru,auto.ru-screens/50-create-listing/50-create-listing_43.jpg,50,create-listing,43,image,selling,release-supporting,,,f2ae11150298
AR-50-044,Auto.ru,auto.ru-screens/50-create-listing/50-create-listing_44.jpg,50,create-listing,44,image,selling,release-supporting,,,bb4607fc915c
AR-50-045,Auto.ru,auto.ru-screens/50-create-listing/50-create-listing_45.jpg,50,create-listing,45,image,selling,release-supporting,,,960de614ebdf
AR-50-046,Auto.ru,auto.ru-screens/50-create-listing/50-create-listing_46.jpg,50,create-listing,46,image,selling,release-supporting,,,f211d18b2772
AR-50-047,Auto.ru,auto.ru-screens/50-create-listing/50-create-listing_47.jpg,50,create-listing,47,image,selling,release-supporting,,,077c35635779
AR-50-048,Auto.ru,auto.ru-screens/50-create-listing/50-create-listing_48.jpg,50,create-listing,48,image,selling,release-supporting,,,1a480f8f8ccf
AR-50-049,Auto.ru,auto.ru-screens/50-create-listing/50-create-listing_49.jpg,50,create-listing,49,image,selling,release-supporting,,,3e2276ad43ce
AR-50-050,Auto.ru,auto.ru-screens/50-create-listing/50-create-listing_50.jpg,50,create-listing,50,image,selling,release-supporting,,,529d4776c1ce
AR-50-051,Auto.ru,auto.ru-screens/50-create-listing/50-create-listing_51.jpg,50,create-listing,51,image,selling,release-supporting,,,abbbdbfe57f6
AR-50-052,Auto.ru,auto.ru-screens/50-create-listing/50-create-listing_52.jpg,50,create-listing,52,image,selling,release-supporting,,,668792a8f02e
AR-50-053,Auto.ru,auto.ru-screens/50-create-listing/50-create-listing_53.jpg,50,create-listing,53,image,selling,release-supporting,,,fccb414273d9
AR-50-054,Auto.ru,auto.ru-screens/50-create-listing/50-create-listing_54.jpg,50,create-listing,54,image,selling,release-supporting,,,633409d2a40a
AR-50-055,Auto.ru,auto.ru-screens/50-create-listing/50-create-listing_55.jpg,50,create-listing,55,image,selling,release-supporting,,,403f68bad6f9
AR-50-056,Auto.ru,auto.ru-screens/50-create-listing/50-create-listing_56.jpg,50,create-listing,56,image,selling,release-supporting,,,643270f8cb99
AR-50-V01,Auto.ru,auto.ru-screens/50-create-listing/50-create-listing_1.mp4,50,create-listing,1,video,selling,release-supporting,,,b90ee7aaab24
AR-51-001,Auto.ru,auto.ru-screens/51-new-car-selector/51-new-car-selector_1.jpg,51,new-car-selector,1,image,catalog-editorial,reference-only,AR-14-001,,a540e11399fb
AR-51-002,Auto.ru,auto.ru-screens/51-new-car-selector/51-new-car-selector_2.jpg,51,new-car-selector,2,image,catalog-editorial,reference-only,,,25bb4a7b087f
KZ-01-001,Kolesa,kolesa.kz-screens/01-home-feed/01-home-feed_1.jpg,01,home-feed,1,image,home-discovery,release-core,,yes,9c847107177d
KZ-01-002,Kolesa,kolesa.kz-screens/01-home-feed/01-home-feed_2.jpg,01,home-feed,2,image,home-discovery,release-core,,yes,981200b7fc23
KZ-01-003,Kolesa,kolesa.kz-screens/01-home-feed/01-home-feed_3.jpg,01,home-feed,3,image,home-discovery,release-core,,yes,70e056426e3b
KZ-01-004,Kolesa,kolesa.kz-screens/01-home-feed/01-home-feed_4.jpg,01,home-feed,4,image,home-discovery,release-core,,yes,02656eb1c3f9
KZ-02-001,Kolesa,kolesa.kz-screens/02-view-cars/02-view-cars_1.jpg,02,view-cars,1,image,home-discovery,release-core,KZ-01-001,yes,9c847107177d
KZ-02-002,Kolesa,kolesa.kz-screens/02-view-cars/02-view-cars_2.jpg,02,view-cars,2,image,home-discovery,release-core,,yes,cf4e4900b6cb
KZ-02-003,Kolesa,kolesa.kz-screens/02-view-cars/02-view-cars_3.jpg,02,view-cars,3,image,home-discovery,release-core,,yes,da63a35f2d3e
KZ-02-004,Kolesa,kolesa.kz-screens/02-view-cars/02-view-cars_4.jpg,02,view-cars,4,image,home-discovery,release-core,,yes,8905ba1c1888
KZ-03-001,Kolesa,kolesa.kz-screens/03-filter-cars/03-filter-cars_1.jpg,03,filter-cars,1,image,brand-model-filters,release-core,KZ-02-002,yes,cf4e4900b6cb
KZ-03-002,Kolesa,kolesa.kz-screens/03-filter-cars/03-filter-cars_2.jpg,03,filter-cars,2,image,brand-model-filters,release-core,,yes,e455e2bfc2bf
KZ-03-003,Kolesa,kolesa.kz-screens/03-filter-cars/03-filter-cars_3.jpg,03,filter-cars,3,image,brand-model-filters,release-core,,yes,44eb8ef96f10
KZ-03-004,Kolesa,kolesa.kz-screens/03-filter-cars/03-filter-cars_4.jpg,03,filter-cars,4,image,brand-model-filters,release-core,,yes,c13e2d6310c1
KZ-03-005,Kolesa,kolesa.kz-screens/03-filter-cars/03-filter-cars_5.jpg,03,filter-cars,5,image,brand-model-filters,release-core,,yes,a725fdd98efa
KZ-03-006,Kolesa,kolesa.kz-screens/03-filter-cars/03-filter-cars_6.jpg,03,filter-cars,6,image,brand-model-filters,release-core,,yes,046d23bd6b8f
KZ-03-007,Kolesa,kolesa.kz-screens/03-filter-cars/03-filter-cars_7.jpg,03,filter-cars,7,image,brand-model-filters,release-core,,yes,f98dc8d08d6a
KZ-03-008,Kolesa,kolesa.kz-screens/03-filter-cars/03-filter-cars_8.jpg,03,filter-cars,8,image,brand-model-filters,release-core,,yes,4b944f1a0bfb
KZ-03-009,Kolesa,kolesa.kz-screens/03-filter-cars/03-filter-cars_9.jpg,03,filter-cars,9,image,brand-model-filters,release-core,,yes,f7dcea4c6bb8
KZ-03-010,Kolesa,kolesa.kz-screens/03-filter-cars/03-filter-cars_10.jpg,03,filter-cars,10,image,brand-model-filters,release-core,,yes,f754a63edc55
KZ-03-011,Kolesa,kolesa.kz-screens/03-filter-cars/03-filter-cars_11.jpg,03,filter-cars,11,image,brand-model-filters,release-core,,yes,c371d85fa5f7
KZ-03-012,Kolesa,kolesa.kz-screens/03-filter-cars/03-filter-cars_12.jpg,03,filter-cars,12,image,brand-model-filters,release-core,,yes,075084b2ce96
KZ-04-001,Kolesa,kolesa.kz-screens/04-sort/04-sort_1.jpg,04,sort,1,image,results-detail,release-core,KZ-03-012,yes,075084b2ce96
KZ-04-002,Kolesa,kolesa.kz-screens/04-sort/04-sort_2.jpg,04,sort,2,image,results-detail,release-core,,yes,efa927d2696f
KZ-04-003,Kolesa,kolesa.kz-screens/04-sort/04-sort_3.jpg,04,sort,3,image,results-detail,release-core,,yes,e2eb043a3533
KZ-05-001,Kolesa,kolesa.kz-screens/05-search-subscription/05-search-subscription_1.jpg,05,search-subscription,1,image,saved-searches,reference-only,KZ-04-003,,e2eb043a3533
KZ-05-002,Kolesa,kolesa.kz-screens/05-search-subscription/05-search-subscription_2.jpg,05,search-subscription,2,image,saved-searches,reference-only,,,f712f74106ab
KZ-05-003,Kolesa,kolesa.kz-screens/05-search-subscription/05-search-subscription_3.jpg,05,search-subscription,3,image,saved-searches,reference-only,,,1c5bb644d342
KZ-06-001,Kolesa,kolesa.kz-screens/06-unsubscribe-search/06-unsubscribe-search_1.jpg,06,unsubscribe-search,1,image,saved-searches,reference-only,KZ-05-003,,1c5bb644d342
KZ-06-002,Kolesa,kolesa.kz-screens/06-unsubscribe-search/06-unsubscribe-search_2.jpg,06,unsubscribe-search,2,image,saved-searches,reference-only,,,febc3ddec69f
KZ-06-003,Kolesa,kolesa.kz-screens/06-unsubscribe-search/06-unsubscribe-search_3.jpg,06,unsubscribe-search,3,image,saved-searches,reference-only,,,7316c2228172
KZ-06-004,Kolesa,kolesa.kz-screens/06-unsubscribe-search/06-unsubscribe-search_4.jpg,06,unsubscribe-search,4,image,saved-searches,reference-only,KZ-04-003,,e2eb043a3533
KZ-07-001,Kolesa,kolesa.kz-screens/07-listing-detail/07-listing-detail_1.jpg,07,listing-detail,1,image,results-detail,release-core,,yes,5beee3754ce4
KZ-07-002,Kolesa,kolesa.kz-screens/07-listing-detail/07-listing-detail_2.jpg,07,listing-detail,2,image,results-detail,release-core,,yes,f6cf733bc9cc
KZ-07-003,Kolesa,kolesa.kz-screens/07-listing-detail/07-listing-detail_3.jpg,07,listing-detail,3,image,results-detail,release-core,,yes,a4ad24ce487b
KZ-07-004,Kolesa,kolesa.kz-screens/07-listing-detail/07-listing-detail_4.jpg,07,listing-detail,4,image,results-detail,release-core,,yes,d005a7ba2a9f
KZ-07-005,Kolesa,kolesa.kz-screens/07-listing-detail/07-listing-detail_5.jpg,07,listing-detail,5,image,results-detail,release-core,,yes,835ab3c2bda4
KZ-07-006,Kolesa,kolesa.kz-screens/07-listing-detail/07-listing-detail_6.jpg,07,listing-detail,6,image,results-detail,release-core,,yes,d27bdef1819b
KZ-07-007,Kolesa,kolesa.kz-screens/07-listing-detail/07-listing-detail_7.jpg,07,listing-detail,7,image,results-detail,release-core,,yes,7fca31d2dd9d
KZ-08-001,Kolesa,kolesa.kz-screens/08-car-history-example/08-car-history-example_1.jpg,08,car-history-example,1,image,vehicle-history,reference-only,KZ-07-002,,f6cf733bc9cc
KZ-08-002,Kolesa,kolesa.kz-screens/08-car-history-example/08-car-history-example_2.jpg,08,car-history-example,2,image,vehicle-history,reference-only,KZ-07-004,,d005a7ba2a9f
KZ-08-003,Kolesa,kolesa.kz-screens/08-car-history-example/08-car-history-example_3.jpg,08,car-history-example,3,image,vehicle-history,reference-only,,,b7086150ba5f
KZ-08-004,Kolesa,kolesa.kz-screens/08-car-history-example/08-car-history-example_4.jpg,08,car-history-example,4,image,vehicle-history,reference-only,,,804c5fc018e6
KZ-08-005,Kolesa,kolesa.kz-screens/08-car-history-example/08-car-history-example_5.jpg,08,car-history-example,5,image,vehicle-history,reference-only,,,61a12dc87688
KZ-08-006,Kolesa,kolesa.kz-screens/08-car-history-example/08-car-history-example_6.jpg,08,car-history-example,6,image,vehicle-history,reference-only,,,854ad4f1d22f
KZ-08-007,Kolesa,kolesa.kz-screens/08-car-history-example/08-car-history-example_7.jpg,08,car-history-example,7,image,vehicle-history,reference-only,,,62e4d923dfbc
KZ-08-008,Kolesa,kolesa.kz-screens/08-car-history-example/08-car-history-example_8.jpg,08,car-history-example,8,image,vehicle-history,reference-only,,,202302cead87
KZ-09-001,Kolesa,kolesa.kz-screens/09-view-reviews/09-view-reviews_1.jpg,09,view-reviews,1,image,owner-reviews,reference-only,KZ-07-002,,f6cf733bc9cc
KZ-09-002,Kolesa,kolesa.kz-screens/09-view-reviews/09-view-reviews_2.jpg,09,view-reviews,2,image,owner-reviews,reference-only,KZ-07-007,,7fca31d2dd9d
KZ-09-003,Kolesa,kolesa.kz-screens/09-view-reviews/09-view-reviews_3.jpg,09,view-reviews,3,image,owner-reviews,reference-only,,,18e90f4942a3
KZ-09-004,Kolesa,kolesa.kz-screens/09-view-reviews/09-view-reviews_4.jpg,09,view-reviews,4,image,owner-reviews,reference-only,,,02cc11e1ca93
KZ-10-001,Kolesa,kolesa.kz-screens/10-leave-review/10-leave-review_1.jpg,10,leave-review,1,image,owner-reviews,reference-only,,,c10b5db2d8d6
KZ-10-002,Kolesa,kolesa.kz-screens/10-leave-review/10-leave-review_2.jpg,10,leave-review,2,image,owner-reviews,reference-only,,,fdcc6ff43b0e
KZ-10-003,Kolesa,kolesa.kz-screens/10-leave-review/10-leave-review_3.jpg,10,leave-review,3,image,owner-reviews,reference-only,,,2fe0593578b4
KZ-10-004,Kolesa,kolesa.kz-screens/10-leave-review/10-leave-review_4.jpg,10,leave-review,4,image,owner-reviews,reference-only,,,e0c31cf93766
KZ-10-005,Kolesa,kolesa.kz-screens/10-leave-review/10-leave-review_5.jpg,10,leave-review,5,image,owner-reviews,reference-only,,,005a62c7c32c
KZ-10-006,Kolesa,kolesa.kz-screens/10-leave-review/10-leave-review_6.jpg,10,leave-review,6,image,owner-reviews,reference-only,,,89fbaff975c7
KZ-10-007,Kolesa,kolesa.kz-screens/10-leave-review/10-leave-review_7.jpg,10,leave-review,7,image,owner-reviews,reference-only,,,256e61588c8d
KZ-10-008,Kolesa,kolesa.kz-screens/10-leave-review/10-leave-review_8.jpg,10,leave-review,8,image,owner-reviews,reference-only,,,10838da60041
KZ-10-009,Kolesa,kolesa.kz-screens/10-leave-review/10-leave-review_9.jpg,10,leave-review,9,image,owner-reviews,reference-only,,,deee418c9fcc
KZ-10-010,Kolesa,kolesa.kz-screens/10-leave-review/10-leave-review_10.jpg,10,leave-review,10,image,owner-reviews,reference-only,,,b59fd09a1531
KZ-10-011,Kolesa,kolesa.kz-screens/10-leave-review/10-leave-review_11.jpg,10,leave-review,11,image,owner-reviews,reference-only,,,850464e3c421
KZ-10-012,Kolesa,kolesa.kz-screens/10-leave-review/10-leave-review_12.jpg,10,leave-review,12,image,owner-reviews,reference-only,,,3cf35486f125
KZ-10-013,Kolesa,kolesa.kz-screens/10-leave-review/10-leave-review_13.jpg,10,leave-review,13,image,owner-reviews,reference-only,,,94fd756f98fd
KZ-10-014,Kolesa,kolesa.kz-screens/10-leave-review/10-leave-review_14.jpg,10,leave-review,14,image,owner-reviews,reference-only,,,b8ce0d27ad3d
KZ-10-015,Kolesa,kolesa.kz-screens/10-leave-review/10-leave-review_15.jpg,10,leave-review,15,image,owner-reviews,reference-only,,,1ad4a716a4bf
KZ-10-016,Kolesa,kolesa.kz-screens/10-leave-review/10-leave-review_16.jpg,10,leave-review,16,image,owner-reviews,reference-only,,,fbe8e2b32f08
KZ-11-001,Kolesa,kolesa.kz-screens/11-chat-seller/11-chat-seller_1.jpg,11,chat-seller,1,image,conversations,release-supporting,KZ-07-002,yes,f6cf733bc9cc
KZ-11-002,Kolesa,kolesa.kz-screens/11-chat-seller/11-chat-seller_2.jpg,11,chat-seller,2,image,conversations,release-supporting,,yes,4bf882f5851b
KZ-11-003,Kolesa,kolesa.kz-screens/11-chat-seller/11-chat-seller_3.jpg,11,chat-seller,3,image,conversations,release-supporting,,yes,012309716dd3
KZ-11-004,Kolesa,kolesa.kz-screens/11-chat-seller/11-chat-seller_4.jpg,11,chat-seller,4,image,conversations,release-supporting,,yes,67bfc0af9493
KZ-12-001,Kolesa,kolesa.kz-screens/12-call-seller/12-call-seller_1.jpg,12,call-seller,1,image,results-detail,release-supporting,KZ-07-002,yes,f6cf733bc9cc
KZ-12-002,Kolesa,kolesa.kz-screens/12-call-seller/12-call-seller_2.jpg,12,call-seller,2,image,results-detail,release-supporting,,yes,f0bb46fb9118
KZ-12-003,Kolesa,kolesa.kz-screens/12-call-seller/12-call-seller_3.jpg,12,call-seller,3,image,results-detail,release-supporting,,yes,a8b7f1868f23
KZ-13-001,Kolesa,kolesa.kz-screens/13-view-car-loans/13-view-car-loans_1.jpg,13,view-car-loans,1,image,payments-finance,reference-only,KZ-01-001,,9c847107177d
KZ-13-002,Kolesa,kolesa.kz-screens/13-view-car-loans/13-view-car-loans_2.jpg,13,view-car-loans,2,image,payments-finance,reference-only,,,3397903ce70b
KZ-13-003,Kolesa,kolesa.kz-screens/13-view-car-loans/13-view-car-loans_3.jpg,13,view-car-loans,3,image,payments-finance,reference-only,,,ae0eda323f2a
KZ-14-001,Kolesa,kolesa.kz-screens/14-filter-other/14-filter-other_1.jpg,14,filter-other,1,image,other-verticals,reference-only,KZ-13-002,,3397903ce70b
KZ-14-002,Kolesa,kolesa.kz-screens/14-filter-other/14-filter-other_2.jpg,14,filter-other,2,image,other-verticals,reference-only,,,294ea229b71a
KZ-14-003,Kolesa,kolesa.kz-screens/14-filter-other/14-filter-other_3.jpg,14,filter-other,3,image,other-verticals,reference-only,,,793c172e32a8
KZ-14-004,Kolesa,kolesa.kz-screens/14-filter-other/14-filter-other_4.jpg,14,filter-other,4,image,other-verticals,reference-only,,,b4301c0fe162
KZ-14-005,Kolesa,kolesa.kz-screens/14-filter-other/14-filter-other_5.jpg,14,filter-other,5,image,other-verticals,reference-only,,,83a4e0dfc609
KZ-15-001,Kolesa,kolesa.kz-screens/15-notification-subscription/15-notification-subscription_1.jpg,15,notification-subscription,1,image,saved-searches,reference-only,KZ-14-004,,b4301c0fe162
KZ-15-002,Kolesa,kolesa.kz-screens/15-notification-subscription/15-notification-subscription_2.jpg,15,notification-subscription,2,image,saved-searches,reference-only,,,5807dd68d257
KZ-15-003,Kolesa,kolesa.kz-screens/15-notification-subscription/15-notification-subscription_3.jpg,15,notification-subscription,3,image,saved-searches,reference-only,,,4b92e67925fd
KZ-15-004,Kolesa,kolesa.kz-screens/15-notification-subscription/15-notification-subscription_4.jpg,15,notification-subscription,4,image,saved-searches,reference-only,,,dec8834330a7
KZ-16-001,Kolesa,kolesa.kz-screens/16-cancel-subscription/16-cancel-subscription_1.jpg,16,cancel-subscription,1,image,saved-searches,reference-only,KZ-15-004,,dec8834330a7
KZ-16-002,Kolesa,kolesa.kz-screens/16-cancel-subscription/16-cancel-subscription_2.jpg,16,cancel-subscription,2,image,saved-searches,reference-only,,,94e174d49ea3
KZ-16-003,Kolesa,kolesa.kz-screens/16-cancel-subscription/16-cancel-subscription_3.jpg,16,cancel-subscription,3,image,saved-searches,reference-only,KZ-14-004,,b4301c0fe162
KZ-17-001,Kolesa,kolesa.kz-screens/17-view-moto/17-view-moto_1.jpg,17,view-moto,1,image,other-verticals,reference-only,KZ-01-001,,9c847107177d
KZ-17-002,Kolesa,kolesa.kz-screens/17-view-moto/17-view-moto_2.jpg,17,view-moto,2,image,other-verticals,reference-only,,,088198d5540c
KZ-17-003,Kolesa,kolesa.kz-screens/17-view-moto/17-view-moto_3.jpg,17,view-moto,3,image,other-verticals,reference-only,,,b9b005fe8c7a
KZ-17-004,Kolesa,kolesa.kz-screens/17-view-moto/17-view-moto_4.jpg,17,view-moto,4,image,other-verticals,reference-only,,,39683bff6d53
KZ-18-001,Kolesa,kolesa.kz-screens/18-view-motorcycles/18-view-motorcycles_1.jpg,18,view-motorcycles,1,image,other-verticals,reference-only,KZ-17-002,,088198d5540c
KZ-18-002,Kolesa,kolesa.kz-screens/18-view-motorcycles/18-view-motorcycles_2.jpg,18,view-motorcycles,2,image,other-verticals,reference-only,,,4633eb9cf18b
KZ-18-003,Kolesa,kolesa.kz-screens/18-view-motorcycles/18-view-motorcycles_3.jpg,18,view-motorcycles,3,image,other-verticals,reference-only,,,bca95f8cc837
KZ-18-004,Kolesa,kolesa.kz-screens/18-view-motorcycles/18-view-motorcycles_4.jpg,18,view-motorcycles,4,image,other-verticals,reference-only,,,633ffe708e70
KZ-19-001,Kolesa,kolesa.kz-screens/19-view-parts/19-view-parts_1.jpg,19,view-parts,1,image,other-verticals,reference-only,KZ-01-001,,9c847107177d
KZ-19-002,Kolesa,kolesa.kz-screens/19-view-parts/19-view-parts_2.jpg,19,view-parts,2,image,other-verticals,reference-only,,,8ba60aaa5da7
KZ-19-003,Kolesa,kolesa.kz-screens/19-view-parts/19-view-parts_3.jpg,19,view-parts,3,image,other-verticals,reference-only,,,f63fe1401f48
KZ-19-004,Kolesa,kolesa.kz-screens/19-view-parts/19-view-parts_4.jpg,19,view-parts,4,image,other-verticals,reference-only,,,1f7058bb8c83
KZ-19-005,Kolesa,kolesa.kz-screens/19-view-parts/19-view-parts_5.jpg,19,view-parts,5,image,other-verticals,reference-only,,,057156754695
KZ-19-006,Kolesa,kolesa.kz-screens/19-view-parts/19-view-parts_6.jpg,19,view-parts,6,image,other-verticals,reference-only,,,d7d9a97b95f6
KZ-22-001,Kolesa,kolesa.kz-screens/22-check-car-history/22-check-car-history_1.jpg,22,check-car-history,1,image,vehicle-history,reference-only,KZ-01-001,,9c847107177d
KZ-22-002,Kolesa,kolesa.kz-screens/22-check-car-history/22-check-car-history_2.jpg,22,check-car-history,2,image,vehicle-history,reference-only,,,ff6eb7a85a02
KZ-22-003,Kolesa,kolesa.kz-screens/22-check-car-history/22-check-car-history_3.jpg,22,check-car-history,3,image,vehicle-history,reference-only,,,6c268dc78c43
KZ-22-004,Kolesa,kolesa.kz-screens/22-check-car-history/22-check-car-history_4.jpg,22,check-car-history,4,image,vehicle-history,reference-only,,,dbdcc0d954b6
KZ-23-001,Kolesa,kolesa.kz-screens/23-view-ads/23-view-ads_1.jpg,23,view-ads,1,image,ads-promo,reference-only,,,c0500652f526
KZ-23-002,Kolesa,kolesa.kz-screens/23-view-ads/23-view-ads_2.jpg,23,view-ads,2,image,ads-promo,reference-only,,,f258c4f11774
KZ-24-001,Kolesa,kolesa.kz-screens/24-view-news/24-view-news_1.jpg,24,view-news,1,image,content-community,reference-only,KZ-01-001,,9c847107177d
KZ-24-002,Kolesa,kolesa.kz-screens/24-view-news/24-view-news_2.jpg,24,view-news,2,image,content-community,reference-only,,,2a384b18b32a
KZ-24-003,Kolesa,kolesa.kz-screens/24-view-news/24-view-news_3.jpg,24,view-news,3,image,content-community,reference-only,,,2174503c594c
KZ-24-004,Kolesa,kolesa.kz-screens/24-view-news/24-view-news_4.jpg,24,view-news,4,image,content-community,reference-only,,,d4a3138172fc
KZ-25-001,Kolesa,kolesa.kz-screens/25-view-promo/25-view-promo_1.jpg,25,view-promo,1,image,ads-promo,reference-only,KZ-01-001,,9c847107177d
KZ-25-002,Kolesa,kolesa.kz-screens/25-view-promo/25-view-promo_2.jpg,25,view-promo,2,image,ads-promo,reference-only,,,b2748aca6f02
KZ-25-003,Kolesa,kolesa.kz-screens/25-view-promo/25-view-promo_3.jpg,25,view-promo,3,image,ads-promo,reference-only,,,b31d1d02b179
KZ-25-004,Kolesa,kolesa.kz-screens/25-view-promo/25-view-promo_4.jpg,25,view-promo,4,image,ads-promo,reference-only,,,0000474840de
KZ-25-005,Kolesa,kolesa.kz-screens/25-view-promo/25-view-promo_5.jpg,25,view-promo,5,image,ads-promo,reference-only,,,3b525a756bd7
KZ-25-006,Kolesa,kolesa.kz-screens/25-view-promo/25-view-promo_6.jpg,25,view-promo,6,image,ads-promo,reference-only,,,1cb95710b125
KZ-26-001,Kolesa,kolesa.kz-screens/26-favorites/26-favorites_1.jpg,26,favorites,1,image,favorites,release-supporting,KZ-01-001,yes,9c847107177d
KZ-26-002,Kolesa,kolesa.kz-screens/26-favorites/26-favorites_2.jpg,26,favorites,2,image,favorites,release-supporting,,yes,a0dc269f30b4
KZ-26-003,Kolesa,kolesa.kz-screens/26-favorites/26-favorites_3.jpg,26,favorites,3,image,favorites,release-supporting,,yes,a93317e219fd
KZ-26-004,Kolesa,kolesa.kz-screens/26-favorites/26-favorites_4.jpg,26,favorites,4,image,saved-searches,reference-only,,yes,145d4af726b4
KZ-26-005,Kolesa,kolesa.kz-screens/26-favorites/26-favorites_5.jpg,26,favorites,5,image,saved-searches,reference-only,,yes,431e147480c0
KZ-26-006,Kolesa,kolesa.kz-screens/26-favorites/26-favorites_6.jpg,26,favorites,6,image,favorites,reference-only,,yes,4efbc7ed5db1
KZ-27-001,Kolesa,kolesa.kz-screens/27-profile/27-profile_1.jpg,27,profile,1,image,profile-settings,release-supporting,KZ-01-001,,9c847107177d
KZ-27-002,Kolesa,kolesa.kz-screens/27-profile/27-profile_2.jpg,27,profile,2,image,profile-settings,release-supporting,,,16e965b9b76f
KZ-27-003,Kolesa,kolesa.kz-screens/27-profile/27-profile_3.jpg,27,profile,3,image,profile-settings,release-supporting,,,3f93c3770f90
KZ-28-001,Kolesa,kolesa.kz-screens/28-register/28-register_1.jpg,28,register,1,image,onboarding-auth,release-supporting,KZ-27-002,,16e965b9b76f
KZ-28-002,Kolesa,kolesa.kz-screens/28-register/28-register_2.jpg,28,register,2,image,onboarding-auth,release-supporting,,,79e423ac97be
KZ-28-003,Kolesa,kolesa.kz-screens/28-register/28-register_3.jpg,28,register,3,image,onboarding-auth,release-supporting,,,243d5083c3ee
KZ-28-004,Kolesa,kolesa.kz-screens/28-register/28-register_4.jpg,28,register,4,image,onboarding-auth,release-supporting,,,4800bc65d803
KZ-28-005,Kolesa,kolesa.kz-screens/28-register/28-register_5.jpg,28,register,5,image,onboarding-auth,release-supporting,,,aa43c6c9102b
KZ-28-006,Kolesa,kolesa.kz-screens/28-register/28-register_6.jpg,28,register,6,image,onboarding-auth,release-supporting,,,1d37d618c146
KZ-28-007,Kolesa,kolesa.kz-screens/28-register/28-register_7.jpg,28,register,7,image,onboarding-auth,release-supporting,,,0ad5e82dbc10
KZ-28-008,Kolesa,kolesa.kz-screens/28-register/28-register_8.jpg,28,register,8,image,onboarding-auth,release-supporting,,,0794f57cabba
KZ-28-009,Kolesa,kolesa.kz-screens/28-register/28-register_9.jpg,28,register,9,image,onboarding-auth,release-supporting,,,41c51fc47235
KZ-28-010,Kolesa,kolesa.kz-screens/28-register/28-register_10.jpg,28,register,10,image,onboarding-auth,release-supporting,,,285f0cd20782
KZ-28-011,Kolesa,kolesa.kz-screens/28-register/28-register_11.jpg,28,register,11,image,onboarding-auth,release-supporting,,,33a9bc1eb52f
KZ-28-012,Kolesa,kolesa.kz-screens/28-register/28-register_12.jpg,28,register,12,image,onboarding-auth,release-supporting,,,20b9ef058c4b
KZ-28-013,Kolesa,kolesa.kz-screens/28-register/28-register_13.jpg,28,register,13,image,onboarding-auth,release-supporting,,,f7ed471d5b0b
KZ-28-014,Kolesa,kolesa.kz-screens/28-register/28-register_14.jpg,28,register,14,image,onboarding-auth,release-supporting,KZ-27-003,,3f93c3770f90
KZ-29-001,Kolesa,kolesa.kz-screens/29-login/29-login_1.jpg,29,login,1,image,onboarding-auth,release-supporting,KZ-27-002,,16e965b9b76f
KZ-29-002,Kolesa,kolesa.kz-screens/29-login/29-login_2.jpg,29,login,2,image,onboarding-auth,release-supporting,KZ-28-002,,79e423ac97be
KZ-29-003,Kolesa,kolesa.kz-screens/29-login/29-login_3.jpg,29,login,3,image,onboarding-auth,release-supporting,,,49c82b3e3348
KZ-29-004,Kolesa,kolesa.kz-screens/29-login/29-login_4.jpg,29,login,4,image,onboarding-auth,release-supporting,,,1a2dfad3e91e
KZ-29-005,Kolesa,kolesa.kz-screens/29-login/29-login_5.jpg,29,login,5,image,onboarding-auth,release-supporting,KZ-27-003,,3f93c3770f90
KZ-30-001,Kolesa,kolesa.kz-screens/30-password-recovery/30-password-recovery_1.jpg,30,password-recovery,1,image,onboarding-auth,reference-only,KZ-27-002,,16e965b9b76f
KZ-30-002,Kolesa,kolesa.kz-screens/30-password-recovery/30-password-recovery_2.jpg,30,password-recovery,2,image,onboarding-auth,reference-only,KZ-28-002,,79e423ac97be
KZ-30-003,Kolesa,kolesa.kz-screens/30-password-recovery/30-password-recovery_3.jpg,30,password-recovery,3,image,onboarding-auth,reference-only,KZ-29-003,,49c82b3e3348
KZ-30-004,Kolesa,kolesa.kz-screens/30-password-recovery/30-password-recovery_4.jpg,30,password-recovery,4,image,onboarding-auth,reference-only,,,f6388eba09d4
KZ-30-005,Kolesa,kolesa.kz-screens/30-password-recovery/30-password-recovery_5.jpg,30,password-recovery,5,image,onboarding-auth,reference-only,,,133cf009a1e2
KZ-30-006,Kolesa,kolesa.kz-screens/30-password-recovery/30-password-recovery_6.jpg,30,password-recovery,6,image,onboarding-auth,reference-only,,,bdc507c310b6
KZ-30-007,Kolesa,kolesa.kz-screens/30-password-recovery/30-password-recovery_7.jpg,30,password-recovery,7,image,onboarding-auth,reference-only,KZ-28-006,,1d37d618c146
KZ-30-008,Kolesa,kolesa.kz-screens/30-password-recovery/30-password-recovery_8.jpg,30,password-recovery,8,image,onboarding-auth,reference-only,KZ-28-007,,0ad5e82dbc10
KZ-30-009,Kolesa,kolesa.kz-screens/30-password-recovery/30-password-recovery_9.jpg,30,password-recovery,9,image,onboarding-auth,reference-only,KZ-28-008,,0794f57cabba
KZ-30-010,Kolesa,kolesa.kz-screens/30-password-recovery/30-password-recovery_10.jpg,30,password-recovery,10,image,onboarding-auth,reference-only,KZ-28-009,,41c51fc47235
KZ-30-011,Kolesa,kolesa.kz-screens/30-password-recovery/30-password-recovery_11.jpg,30,password-recovery,11,image,onboarding-auth,reference-only,KZ-28-010,,285f0cd20782
KZ-30-012,Kolesa,kolesa.kz-screens/30-password-recovery/30-password-recovery_12.jpg,30,password-recovery,12,image,onboarding-auth,reference-only,KZ-28-011,,33a9bc1eb52f
KZ-30-013,Kolesa,kolesa.kz-screens/30-password-recovery/30-password-recovery_13.jpg,30,password-recovery,13,image,onboarding-auth,reference-only,KZ-28-012,,20b9ef058c4b
KZ-30-014,Kolesa,kolesa.kz-screens/30-password-recovery/30-password-recovery_14.jpg,30,password-recovery,14,image,onboarding-auth,reference-only,KZ-28-013,,f7ed471d5b0b
KZ-30-015,Kolesa,kolesa.kz-screens/30-password-recovery/30-password-recovery_15.jpg,30,password-recovery,15,image,onboarding-auth,reference-only,KZ-27-003,,3f93c3770f90
KZ-31-001,Kolesa,kolesa.kz-screens/31-edit-name/31-edit-name_1.jpg,31,edit-name,1,image,profile-settings,release-supporting,KZ-27-003,,3f93c3770f90
KZ-31-002,Kolesa,kolesa.kz-screens/31-edit-name/31-edit-name_2.jpg,31,edit-name,2,image,profile-settings,release-supporting,,,4120785ce554
KZ-31-003,Kolesa,kolesa.kz-screens/31-edit-name/31-edit-name_3.jpg,31,edit-name,3,image,profile-settings,release-supporting,,,c90dfc130a58
KZ-31-004,Kolesa,kolesa.kz-screens/31-edit-name/31-edit-name_4.jpg,31,edit-name,4,image,profile-settings,release-supporting,,,a791a15bd6fc
KZ-31-005,Kolesa,kolesa.kz-screens/31-edit-name/31-edit-name_5.jpg,31,edit-name,5,image,profile-settings,release-supporting,,,68e35d64110e
KZ-32-001,Kolesa,kolesa.kz-screens/32-change-phone/32-change-phone_1.jpg,32,change-phone,1,image,profile-settings,release-supporting,KZ-31-005,,68e35d64110e
KZ-32-002,Kolesa,kolesa.kz-screens/32-change-phone/32-change-phone_2.jpg,32,change-phone,2,image,profile-settings,release-supporting,KZ-31-004,,a791a15bd6fc
KZ-32-003,Kolesa,kolesa.kz-screens/32-change-phone/32-change-phone_3.jpg,32,change-phone,3,image,profile-settings,release-supporting,,,21fe812d85c2
KZ-32-004,Kolesa,kolesa.kz-screens/32-change-phone/32-change-phone_4.jpg,32,change-phone,4,image,profile-settings,release-supporting,,,3f50bfb32907
KZ-32-005,Kolesa,kolesa.kz-screens/32-change-phone/32-change-phone_5.jpg,32,change-phone,5,image,profile-settings,release-supporting,,,770cbe402d68
KZ-32-006,Kolesa,kolesa.kz-screens/32-change-phone/32-change-phone_6.jpg,32,change-phone,6,image,profile-settings,release-supporting,,,8723233db47a
KZ-33-002,Kolesa,kolesa.kz-screens/33-manage-subscriptions/33-manage-subscriptions_2.jpg,33,manage-subscriptions,2,image,payments-finance,reference-only,KZ-31-005,,68e35d64110e
KZ-33-003,Kolesa,kolesa.kz-screens/33-manage-subscriptions/33-manage-subscriptions_3.jpg,33,manage-subscriptions,3,image,payments-finance,reference-only,,,c62a5a51b00f
KZ-33-004,Kolesa,kolesa.kz-screens/33-manage-subscriptions/33-manage-subscriptions_4.jpg,33,manage-subscriptions,4,image,payments-finance,reference-only,,,6e471e44477b
KZ-33-005,Kolesa,kolesa.kz-screens/33-manage-subscriptions/33-manage-subscriptions_5.jpg,33,manage-subscriptions,5,image,payments-finance,reference-only,,,69b1c6901cbb
KZ-33-006,Kolesa,kolesa.kz-screens/33-manage-subscriptions/33-manage-subscriptions_6.jpg,33,manage-subscriptions,6,image,payments-finance,reference-only,,,33569c29c87a
KZ-33-007,Kolesa,kolesa.kz-screens/33-manage-subscriptions/33-manage-subscriptions_7.jpg,33,manage-subscriptions,7,image,payments-finance,reference-only,,,60fd8b31f383
KZ-33-008,Kolesa,kolesa.kz-screens/33-manage-subscriptions/33-manage-subscriptions_8.jpg,33,manage-subscriptions,8,image,payments-finance,reference-only,,,fcc8e5744b2d
KZ-33-009,Kolesa,kolesa.kz-screens/33-manage-subscriptions/33-manage-subscriptions_9.jpg,33,manage-subscriptions,9,image,payments-finance,reference-only,,,a76fd8fb5fbe
KZ-33-010,Kolesa,kolesa.kz-screens/33-manage-subscriptions/33-manage-subscriptions_10.jpg,33,manage-subscriptions,10,image,payments-finance,reference-only,,,a8f94141c912
KZ-33-011,Kolesa,kolesa.kz-screens/33-manage-subscriptions/33-manage-subscriptions_11.jpg,33,manage-subscriptions,11,image,payments-finance,reference-only,,,d2e2e455d1ef
KZ-33-V01,Kolesa,kolesa.kz-screens/33-manage-subscriptions/33-manage-subscriptions_1.mp4,33,manage-subscriptions,1,video,payments-finance,reference-only,,,635ccce3aa91
KZ-34-001,Kolesa,kolesa.kz-screens/34-top-up-balance/34-top-up-balance_1.jpg,34,top-up-balance,1,image,payments-finance,reference-only,KZ-31-005,,68e35d64110e
KZ-34-002,Kolesa,kolesa.kz-screens/34-top-up-balance/34-top-up-balance_2.jpg,34,top-up-balance,2,image,payments-finance,reference-only,,,cbf049706f1d
KZ-34-003,Kolesa,kolesa.kz-screens/34-top-up-balance/34-top-up-balance_3.jpg,34,top-up-balance,3,image,payments-finance,reference-only,,,ba2da7bdc056
KZ-34-004,Kolesa,kolesa.kz-screens/34-top-up-balance/34-top-up-balance_4.jpg,34,top-up-balance,4,image,payments-finance,reference-only,KZ-33-011,,d2e2e455d1ef
KZ-35-001,Kolesa,kolesa.kz-screens/35-settings/35-settings_1.jpg,35,settings,1,image,profile-settings,release-supporting,KZ-31-005,,68e35d64110e
KZ-35-002,Kolesa,kolesa.kz-screens/35-settings/35-settings_2.jpg,35,settings,2,image,profile-settings,release-supporting,KZ-31-004,,a791a15bd6fc
KZ-36-001,Kolesa,kolesa.kz-screens/36-change-password/36-change-password_1.jpg,36,change-password,1,image,onboarding-auth,reference-only,KZ-31-004,,a791a15bd6fc
KZ-36-002,Kolesa,kolesa.kz-screens/36-change-password/36-change-password_2.jpg,36,change-password,2,image,onboarding-auth,reference-only,,,26fa624f8b57
KZ-36-003,Kolesa,kolesa.kz-screens/36-change-password/36-change-password_3.jpg,36,change-password,3,image,onboarding-auth,reference-only,KZ-28-006,,1d37d618c146
KZ-36-004,Kolesa,kolesa.kz-screens/36-change-password/36-change-password_4.jpg,36,change-password,4,image,onboarding-auth,reference-only,KZ-28-007,,0ad5e82dbc10
KZ-36-005,Kolesa,kolesa.kz-screens/36-change-password/36-change-password_5.jpg,36,change-password,5,image,onboarding-auth,reference-only,KZ-28-008,,0794f57cabba
KZ-36-006,Kolesa,kolesa.kz-screens/36-change-password/36-change-password_6.jpg,36,change-password,6,image,onboarding-auth,reference-only,KZ-28-009,,41c51fc47235
KZ-36-007,Kolesa,kolesa.kz-screens/36-change-password/36-change-password_7.jpg,36,change-password,7,image,onboarding-auth,reference-only,KZ-28-010,,285f0cd20782
KZ-36-008,Kolesa,kolesa.kz-screens/36-change-password/36-change-password_8.jpg,36,change-password,8,image,onboarding-auth,reference-only,KZ-28-011,,33a9bc1eb52f
KZ-36-009,Kolesa,kolesa.kz-screens/36-change-password/36-change-password_9.jpg,36,change-password,9,image,onboarding-auth,reference-only,KZ-28-012,,20b9ef058c4b
KZ-36-010,Kolesa,kolesa.kz-screens/36-change-password/36-change-password_10.jpg,36,change-password,10,image,onboarding-auth,reference-only,KZ-28-013,,f7ed471d5b0b
KZ-37-001,Kolesa,kolesa.kz-screens/37-view-contacts/37-view-contacts_1.jpg,37,view-contacts,1,image,profile-settings,release-supporting,KZ-31-004,,a791a15bd6fc
KZ-37-002,Kolesa,kolesa.kz-screens/37-view-contacts/37-view-contacts_2.jpg,37,view-contacts,2,image,profile-settings,release-supporting,,,c21b50d97d64
KZ-38-001,Kolesa,kolesa.kz-screens/38-change-language/38-change-language_1.jpg,38,change-language,1,image,profile-settings,release-supporting,KZ-31-004,,a791a15bd6fc
KZ-38-002,Kolesa,kolesa.kz-screens/38-change-language/38-change-language_2.jpg,38,change-language,2,image,profile-settings,release-supporting,,,e2511d365eb1
KZ-38-003,Kolesa,kolesa.kz-screens/38-change-language/38-change-language_3.jpg,38,change-language,3,image,profile-settings,release-supporting,,,d88cc3011712
KZ-39-001,Kolesa,kolesa.kz-screens/39-payment-history/39-payment-history_1.jpg,39,payment-history,1,image,payments-finance,reference-only,KZ-31-004,,a791a15bd6fc
KZ-39-002,Kolesa,kolesa.kz-screens/39-payment-history/39-payment-history_2.jpg,39,payment-history,2,image,payments-finance,reference-only,,,0113706fe5df
KZ-39-003,Kolesa,kolesa.kz-screens/39-payment-history/39-payment-history_3.jpg,39,payment-history,3,image,payments-finance,reference-only,,,7adb97522559
KZ-39-004,Kolesa,kolesa.kz-screens/39-payment-history/39-payment-history_4.jpg,39,payment-history,4,image,payments-finance,reference-only,,,e2aa0a334717
KZ-40-001,Kolesa,kolesa.kz-screens/40-add-doc-to-checks/40-add-doc-to-checks_1.jpg,40,add-doc-to-checks,1,image,vehicle-history,reference-only,KZ-39-002,,0113706fe5df
KZ-40-002,Kolesa,kolesa.kz-screens/40-add-doc-to-checks/40-add-doc-to-checks_2.jpg,40,add-doc-to-checks,2,image,vehicle-history,reference-only,,,1ee5e3a56947
KZ-40-003,Kolesa,kolesa.kz-screens/40-add-doc-to-checks/40-add-doc-to-checks_3.jpg,40,add-doc-to-checks,3,image,vehicle-history,reference-only,,,40947a7a51fa
KZ-40-004,Kolesa,kolesa.kz-screens/40-add-doc-to-checks/40-add-doc-to-checks_4.jpg,40,add-doc-to-checks,4,image,vehicle-history,reference-only,,,b62b1a194a7a
KZ-40-005,Kolesa,kolesa.kz-screens/40-add-doc-to-checks/40-add-doc-to-checks_5.jpg,40,add-doc-to-checks,5,image,vehicle-history,reference-only,,,515c5899e3f2
KZ-41-001,Kolesa,kolesa.kz-screens/41-app-info/41-app-info_1.jpg,41,app-info,1,image,profile-settings,release-supporting,KZ-31-004,,a791a15bd6fc
KZ-41-002,Kolesa,kolesa.kz-screens/41-app-info/41-app-info_2.jpg,41,app-info,2,image,profile-settings,release-supporting,,,5bc284d2d444
KZ-42-001,Kolesa,kolesa.kz-screens/42-posting-rules/42-posting-rules_1.jpg,42,posting-rules,1,image,profile-settings,release-supporting,KZ-41-002,,5bc284d2d444
KZ-42-002,Kolesa,kolesa.kz-screens/42-posting-rules/42-posting-rules_2.jpg,42,posting-rules,2,image,profile-settings,release-supporting,,,38894a12b235
KZ-43-001,Kolesa,kolesa.kz-screens/43-user-agreement/43-user-agreement_1.jpg,43,user-agreement,1,image,profile-settings,release-supporting,KZ-41-002,,5bc284d2d444
KZ-43-002,Kolesa,kolesa.kz-screens/43-user-agreement/43-user-agreement_2.jpg,43,user-agreement,2,image,profile-settings,release-supporting,,,18b9067b93d7
KZ-44-001,Kolesa,kolesa.kz-screens/44-privacy-policy/44-privacy-policy_1.jpg,44,privacy-policy,1,image,profile-settings,release-supporting,KZ-41-002,,5bc284d2d444
KZ-44-002,Kolesa,kolesa.kz-screens/44-privacy-policy/44-privacy-policy_2.jpg,44,privacy-policy,2,image,profile-settings,release-supporting,,,4d5d2c6e71dc
KZ-45-001,Kolesa,kolesa.kz-screens/45-report-error/45-report-error_1.jpg,45,report-error,1,image,support-help,reference-only,KZ-41-002,,5bc284d2d444
KZ-45-002,Kolesa,kolesa.kz-screens/45-report-error/45-report-error_2.jpg,45,report-error,2,image,support-help,reference-only,,,d90ef18a3e12
KZ-45-003,Kolesa,kolesa.kz-screens/45-report-error/45-report-error_3.jpg,45,report-error,3,image,support-help,reference-only,,,d510e347ca61
KZ-45-004,Kolesa,kolesa.kz-screens/45-report-error/45-report-error_4.jpg,45,report-error,4,image,support-help,reference-only,,,255f1c1c2134
KZ-45-005,Kolesa,kolesa.kz-screens/45-report-error/45-report-error_5.jpg,45,report-error,5,image,support-help,reference-only,,,b402103f7127
KZ-46-001,Kolesa,kolesa.kz-screens/46-rate-app/46-rate-app_1.jpg,46,rate-app,1,image,support-help,reference-only,KZ-41-002,,5bc284d2d444
KZ-46-002,Kolesa,kolesa.kz-screens/46-rate-app/46-rate-app_2.jpg,46,rate-app,2,image,support-help,reference-only,,,ea0e53af6e42
KZ-46-003,Kolesa,kolesa.kz-screens/46-rate-app/46-rate-app_3.jpg,46,rate-app,3,image,support-help,reference-only,,,42be9eb998fd
KZ-46-004,Kolesa,kolesa.kz-screens/46-rate-app/46-rate-app_4.jpg,46,rate-app,4,image,support-help,reference-only,,,eab322e8fdc9
KZ-46-005,Kolesa,kolesa.kz-screens/46-rate-app/46-rate-app_5.jpg,46,rate-app,5,image,support-help,reference-only,,,1fe72ad2983c
KZ-47-001,Kolesa,kolesa.kz-screens/47-beta-testing/47-beta-testing_1.jpg,47,beta-testing,1,image,support-help,reference-only,KZ-41-002,,5bc284d2d444
KZ-47-002,Kolesa,kolesa.kz-screens/47-beta-testing/47-beta-testing_2.jpg,47,beta-testing,2,image,support-help,reference-only,,,1865123e181f
KZ-47-003,Kolesa,kolesa.kz-screens/47-beta-testing/47-beta-testing_3.jpg,47,beta-testing,3,image,support-help,reference-only,,,55ee588cdfcf
KZ-47-004,Kolesa,kolesa.kz-screens/47-beta-testing/47-beta-testing_4.jpg,47,beta-testing,4,image,support-help,reference-only,,,89b4c2c7f72e
KZ-48-001,Kolesa,kolesa.kz-screens/48-delete-profile/48-delete-profile_1.jpg,48,delete-profile,1,image,profile-settings,release-supporting,KZ-41-002,,5bc284d2d444
KZ-48-002,Kolesa,kolesa.kz-screens/48-delete-profile/48-delete-profile_2.jpg,48,delete-profile,2,image,profile-settings,release-supporting,,,887928c57b91
KZ-48-003,Kolesa,kolesa.kz-screens/48-delete-profile/48-delete-profile_3.jpg,48,delete-profile,3,image,profile-settings,release-supporting,,,831dd5a967d7
KZ-48-004,Kolesa,kolesa.kz-screens/48-delete-profile/48-delete-profile_4.jpg,48,delete-profile,4,image,profile-settings,release-supporting,,,b7dae06ceb08
KZ-48-005,Kolesa,kolesa.kz-screens/48-delete-profile/48-delete-profile_5.jpg,48,delete-profile,5,image,profile-settings,release-supporting,,,c52d00baab61
KZ-49-001,Kolesa,kolesa.kz-screens/49-messages/49-messages_1.jpg,49,messages,1,image,conversations,release-supporting,KZ-01-001,yes,9c847107177d
KZ-49-002,Kolesa,kolesa.kz-screens/49-messages/49-messages_2.jpg,49,messages,2,image,conversations,release-supporting,,yes,c9a5cdc16c34
KZ-49-003,Kolesa,kolesa.kz-screens/49-messages/49-messages_3.jpg,49,messages,3,image,conversations,release-supporting,,yes,2525fa5f6b0e
KZ-50-001,Kolesa,kolesa.kz-screens/50-create-listing/50-create-listing_1.jpg,50,create-listing,1,image,selling,release-supporting,KZ-01-001,,9c847107177d
KZ-50-002,Kolesa,kolesa.kz-screens/50-create-listing/50-create-listing_2.jpg,50,create-listing,2,image,selling,release-supporting,,,eee460fdbf52
KZ-50-003,Kolesa,kolesa.kz-screens/50-create-listing/50-create-listing_3.jpg,50,create-listing,3,image,selling,release-supporting,,,d710b5022559
KZ-50-004,Kolesa,kolesa.kz-screens/50-create-listing/50-create-listing_4.jpg,50,create-listing,4,image,selling,release-supporting,,,79f4a257ed64
KZ-50-005,Kolesa,kolesa.kz-screens/50-create-listing/50-create-listing_5.jpg,50,create-listing,5,image,selling,release-supporting,,,ccab049b6eeb
KZ-50-006,Kolesa,kolesa.kz-screens/50-create-listing/50-create-listing_6.jpg,50,create-listing,6,image,selling,release-supporting,,,0bb6d599ff06
KZ-50-007,Kolesa,kolesa.kz-screens/50-create-listing/50-create-listing_7.jpg,50,create-listing,7,image,selling,release-supporting,,,12e2c7b52221
KZ-50-008,Kolesa,kolesa.kz-screens/50-create-listing/50-create-listing_8.jpg,50,create-listing,8,image,selling,release-supporting,,,2fa284db2133
KZ-50-009,Kolesa,kolesa.kz-screens/50-create-listing/50-create-listing_9.jpg,50,create-listing,9,image,selling,release-supporting,,,68a998db866c
KZ-50-010,Kolesa,kolesa.kz-screens/50-create-listing/50-create-listing_10.jpg,50,create-listing,10,image,selling,release-supporting,,,18cdb84dcc69
KZ-50-011,Kolesa,kolesa.kz-screens/50-create-listing/50-create-listing_11.jpg,50,create-listing,11,image,selling,release-supporting,,,6a68648b8675
KZ-50-012,Kolesa,kolesa.kz-screens/50-create-listing/50-create-listing_12.jpg,50,create-listing,12,image,selling,release-supporting,,,3d120ce279f2
KZ-50-013,Kolesa,kolesa.kz-screens/50-create-listing/50-create-listing_13.jpg,50,create-listing,13,image,selling,release-supporting,,,e0e0e7060e50
KZ-50-014,Kolesa,kolesa.kz-screens/50-create-listing/50-create-listing_14.jpg,50,create-listing,14,image,selling,release-supporting,,,0933109dfe47
KZ-50-015,Kolesa,kolesa.kz-screens/50-create-listing/50-create-listing_15.jpg,50,create-listing,15,image,selling,release-supporting,,,c3acae959762
KZ-50-016,Kolesa,kolesa.kz-screens/50-create-listing/50-create-listing_16.jpg,50,create-listing,16,image,selling,release-supporting,,,c53fd59b77a1
KZ-50-017,Kolesa,kolesa.kz-screens/50-create-listing/50-create-listing_17.jpg,50,create-listing,17,image,selling,release-supporting,,,663b3c0d6883
KZ-50-018,Kolesa,kolesa.kz-screens/50-create-listing/50-create-listing_18.jpg,50,create-listing,18,image,selling,release-supporting,,,a04ac813123b
KZ-50-019,Kolesa,kolesa.kz-screens/50-create-listing/50-create-listing_19.jpg,50,create-listing,19,image,selling,release-supporting,,,67bf297f5aec
KZ-50-020,Kolesa,kolesa.kz-screens/50-create-listing/50-create-listing_20.jpg,50,create-listing,20,image,selling,release-supporting,,,9daf84ef565a
KZ-50-021,Kolesa,kolesa.kz-screens/50-create-listing/50-create-listing_21.jpg,50,create-listing,21,image,selling,release-supporting,,,b3c2b48a2006
KZ-50-022,Kolesa,kolesa.kz-screens/50-create-listing/50-create-listing_22.jpg,50,create-listing,22,image,selling,release-supporting,,,f0d181db7e24
KZ-50-023,Kolesa,kolesa.kz-screens/50-create-listing/50-create-listing_23.jpg,50,create-listing,23,image,selling,release-supporting,,,7f9ba7fc7302
KZ-50-024,Kolesa,kolesa.kz-screens/50-create-listing/50-create-listing_24.jpg,50,create-listing,24,image,selling,release-supporting,,,65c507884ea2
KZ-50-025,Kolesa,kolesa.kz-screens/50-create-listing/50-create-listing_25.jpg,50,create-listing,25,image,selling,release-supporting,,,33109887154f
KZ-50-026,Kolesa,kolesa.kz-screens/50-create-listing/50-create-listing_26.jpg,50,create-listing,26,image,selling,release-supporting,,,b3ab96a46397
KZ-50-027,Kolesa,kolesa.kz-screens/50-create-listing/50-create-listing_27.jpg,50,create-listing,27,image,selling,release-supporting,,,ac587f282bc4
KZ-50-028,Kolesa,kolesa.kz-screens/50-create-listing/50-create-listing_28.jpg,50,create-listing,28,image,selling,release-supporting,,,72c1210a2175
KZ-50-029,Kolesa,kolesa.kz-screens/50-create-listing/50-create-listing_29.jpg,50,create-listing,29,image,selling,release-supporting,,,0c231a29a6ed
KZ-50-030,Kolesa,kolesa.kz-screens/50-create-listing/50-create-listing_30.jpg,50,create-listing,30,image,selling,release-supporting,,,10ed418ef34e
KZ-50-031,Kolesa,kolesa.kz-screens/50-create-listing/50-create-listing_31.jpg,50,create-listing,31,image,selling,release-supporting,,,f5b1edf150e9
KZ-50-032,Kolesa,kolesa.kz-screens/50-create-listing/50-create-listing_32.jpg,50,create-listing,32,image,selling,release-supporting,,,5a32b7f94f7b
KZ-50-033,Kolesa,kolesa.kz-screens/50-create-listing/50-create-listing_33.jpg,50,create-listing,33,image,selling,release-supporting,,,1a89379b9e2b
KZ-50-034,Kolesa,kolesa.kz-screens/50-create-listing/50-create-listing_34.jpg,50,create-listing,34,image,selling,release-supporting,,,9b8d4a771956
KZ-50-035,Kolesa,kolesa.kz-screens/50-create-listing/50-create-listing_35.jpg,50,create-listing,35,image,selling,release-supporting,,,dd0fd49030ca
KZ-50-036,Kolesa,kolesa.kz-screens/50-create-listing/50-create-listing_36.jpg,50,create-listing,36,image,selling,release-supporting,,,25d9cb4d4280
KZ-50-037,Kolesa,kolesa.kz-screens/50-create-listing/50-create-listing_37.jpg,50,create-listing,37,image,selling,release-supporting,,,147b6e48b22e
KZ-50-038,Kolesa,kolesa.kz-screens/50-create-listing/50-create-listing_38.jpg,50,create-listing,38,image,selling,release-supporting,,,47c05071b7a8
KZ-50-039,Kolesa,kolesa.kz-screens/50-create-listing/50-create-listing_39.jpg,50,create-listing,39,image,selling,release-supporting,,,0e7116c7a981
KZ-51-001,Kolesa,kolesa.kz-screens/51-remove-from-sale/51-remove-from-sale_1.jpg,51,remove-from-sale,1,image,selling,release-supporting,KZ-50-039,,0e7116c7a981
KZ-51-002,Kolesa,kolesa.kz-screens/51-remove-from-sale/51-remove-from-sale_2.jpg,51,remove-from-sale,2,image,selling,release-supporting,,,4eff33e25921
KZ-51-003,Kolesa,kolesa.kz-screens/51-remove-from-sale/51-remove-from-sale_3.jpg,51,remove-from-sale,3,image,selling,release-supporting,,,8cdae5c32dcd
KZ-51-004,Kolesa,kolesa.kz-screens/51-remove-from-sale/51-remove-from-sale_4.jpg,51,remove-from-sale,4,image,selling,release-supporting,,,bed5c068f778
KZ-51-005,Kolesa,kolesa.kz-screens/51-remove-from-sale/51-remove-from-sale_5.jpg,51,remove-from-sale,5,image,selling,release-supporting,,,06bda8addef6
KZ-52-002,Kolesa,kolesa.kz-screens/52-onboarding/52-onboarding_2.jpg,52,onboarding,2,image,onboarding-auth,release-supporting,,,db5544fbb061
KZ-52-003,Kolesa,kolesa.kz-screens/52-onboarding/52-onboarding_3.jpg,52,onboarding,3,image,onboarding-auth,release-supporting,,,74fc19874c7d
KZ-52-004,Kolesa,kolesa.kz-screens/52-onboarding/52-onboarding_4.jpg,52,onboarding,4,image,onboarding-auth,release-supporting,,,bec69a254f99
KZ-52-005,Kolesa,kolesa.kz-screens/52-onboarding/52-onboarding_5.jpg,52,onboarding,5,image,onboarding-auth,release-supporting,,,37255eae4a1d
KZ-52-006,Kolesa,kolesa.kz-screens/52-onboarding/52-onboarding_6.jpg,52,onboarding,6,image,onboarding-auth,release-supporting,,,b96425eec8ef
KZ-52-007,Kolesa,kolesa.kz-screens/52-onboarding/52-onboarding_7.jpg,52,onboarding,7,image,onboarding-auth,release-supporting,KZ-01-001,,9c847107177d
KZ-52-V01,Kolesa,kolesa.kz-screens/52-onboarding/52-onboarding_1.mp4,52,onboarding,1,video,onboarding-auth,release-supporting,,,8b33bcf560ba
